-- phpMyAdmin SQL Dump
-- version 4.9.5deb2
-- https://www.phpmyadmin.net/
--
-- Hôte : localhost:3306
-- Généré le : jeu. 26 août 2021 à 09:59
-- Version du serveur :  8.0.26-0ubuntu0.20.04.2
-- Version de PHP : 7.4.3

SET SQL_MODE = "NO_AUTO_VALUE_ON_ZERO";
SET AUTOCOMMIT = 0;
START TRANSACTION;
SET time_zone = "+00:00";


/*!40101 SET @OLD_CHARACTER_SET_CLIENT=@@CHARACTER_SET_CLIENT */;
/*!40101 SET @OLD_CHARACTER_SET_RESULTS=@@CHARACTER_SET_RESULTS */;
/*!40101 SET @OLD_COLLATION_CONNECTION=@@COLLATION_CONNECTION */;
/*!40101 SET NAMES utf8mb4 */;

--
-- Base de données : `mydb`
--

-- --------------------------------------------------------

--
-- Doublure de structure pour la vue `attack`
-- (Voir ci-dessous la vue réelle)
--
CREATE TABLE `attack` (
`id_pokemon` int
,`attack` int
);

-- --------------------------------------------------------

--
-- Structure de la table `csv`
--

CREATE TABLE `csv` (
  `name` varchar(100) CHARACTER SET utf8 COLLATE utf8_general_ci NOT NULL,
  `type1` varchar(100) CHARACTER SET utf8 COLLATE utf8_general_ci NOT NULL,
  `type2` varchar(100) CHARACTER SET utf8 COLLATE utf8_general_ci NOT NULL,
  `total` int NOT NULL,
  `hp` int NOT NULL,
  `attack` int NOT NULL,
  `defense` int NOT NULL,
  `special_attack` int NOT NULL,
  `special_defense` int NOT NULL,
  `speed` int NOT NULL,
  `image` varchar(100) CHARACTER SET utf8 COLLATE utf8_general_ci NOT NULL,
  `icon` varchar(100) CHARACTER SET utf8 COLLATE utf8_general_ci NOT NULL,
  `id` int NOT NULL,
  `generation` int NOT NULL
) ENGINE=InnoDB DEFAULT CHARSET=utf8mb3;

--
-- Déchargement des données de la table `csv`
--

INSERT INTO `csv` (`name`, `type1`, `type2`, `total`, `hp`, `attack`, `defense`, `special_attack`, `special_defense`, `speed`, `image`, `icon`, `id`, `generation`) VALUES
('Bulbasaur', 'Grass', 'Poison', 318, 45, 49, 49, 65, 65, 45, 'https://img.pokemondb.net/artwork/bulbasaur.jpg', 'https://img.pokemondb.net/sprites/sword-shield/icon/bulbasaur.png', 1, 1),
('Ivysaur', 'Grass', 'Poison', 405, 60, 62, 63, 80, 80, 60, 'https://img.pokemondb.net/artwork/ivysaur.jpg', 'https://img.pokemondb.net/sprites/sword-shield/icon/ivysaur.png', 2, 1),
('Venusaur', 'Grass', 'Poison', 525, 80, 82, 83, 100, 100, 80, 'https://img.pokemondb.net/artwork/venusaur.jpg', 'https://img.pokemondb.net/sprites/sword-shield/icon/venusaur.png', 3, 1),
('Charmander', 'Fire', '', 309, 39, 52, 43, 60, 50, 65, 'https://img.pokemondb.net/artwork/charmander.jpg', 'https://img.pokemondb.net/sprites/sword-shield/icon/charmander.png', 4, 1),
('Charmeleon', 'Fire', '', 405, 58, 64, 58, 80, 65, 80, 'https://img.pokemondb.net/artwork/charmeleon.jpg', 'https://img.pokemondb.net/sprites/sword-shield/icon/charmeleon.png', 5, 1),
('Charizard', 'Fire', 'Flying', 534, 78, 84, 78, 109, 85, 100, 'https://img.pokemondb.net/artwork/charizard.jpg', 'https://img.pokemondb.net/sprites/sword-shield/icon/charizard.png', 6, 1),
('Squirtle', 'Water', '', 314, 44, 48, 65, 50, 64, 43, 'https://img.pokemondb.net/artwork/squirtle.jpg', 'https://img.pokemondb.net/sprites/sword-shield/icon/squirtle.png', 7, 1),
('Wartortle', 'Water', '', 405, 59, 63, 80, 65, 80, 58, 'https://img.pokemondb.net/artwork/wartortle.jpg', 'https://img.pokemondb.net/sprites/sword-shield/icon/wartortle.png', 8, 1),
('Blastoise', 'Water', '', 530, 79, 83, 100, 85, 105, 78, 'https://img.pokemondb.net/artwork/blastoise.jpg', 'https://img.pokemondb.net/sprites/sword-shield/icon/blastoise.png', 9, 1),
('Caterpie', 'Bug', '', 195, 45, 30, 35, 20, 20, 45, 'https://img.pokemondb.net/artwork/caterpie.jpg', 'https://img.pokemondb.net/sprites/sword-shield/icon/caterpie.png', 10, 1),
('Metapod', 'Bug', '', 205, 50, 20, 55, 25, 25, 30, 'https://img.pokemondb.net/artwork/metapod.jpg', 'https://img.pokemondb.net/sprites/sword-shield/icon/metapod.png', 11, 1),
('Butterfree', 'Bug', 'Flying', 395, 60, 45, 50, 90, 80, 70, 'https://img.pokemondb.net/artwork/butterfree.jpg', 'https://img.pokemondb.net/sprites/sword-shield/icon/butterfree.png', 12, 1),
('Weedle', 'Bug', 'Poison', 195, 40, 35, 30, 20, 20, 50, 'https://img.pokemondb.net/artwork/weedle.jpg', 'https://img.pokemondb.net/sprites/sword-shield/icon/weedle.png', 13, 1),
('Kakuna', 'Bug', 'Poison', 205, 45, 25, 50, 25, 25, 35, 'https://img.pokemondb.net/artwork/kakuna.jpg', 'https://img.pokemondb.net/sprites/sword-shield/icon/kakuna.png', 14, 1),
('Beedrill', 'Bug', 'Poison', 395, 65, 90, 40, 45, 80, 75, 'https://img.pokemondb.net/artwork/beedrill.jpg', 'https://img.pokemondb.net/sprites/sword-shield/icon/beedrill.png', 15, 1),
('Pidgey', 'Normal', 'Flying', 251, 40, 45, 40, 35, 35, 56, 'https://img.pokemondb.net/artwork/pidgey.jpg', 'https://img.pokemondb.net/sprites/sword-shield/icon/pidgey.png', 16, 1),
('Pidgeotto', 'Normal', 'Flying', 349, 63, 60, 55, 50, 50, 71, 'https://img.pokemondb.net/artwork/pidgeotto.jpg', 'https://img.pokemondb.net/sprites/sword-shield/icon/pidgeotto.png', 17, 1),
('Pidgeot', 'Normal', 'Flying', 479, 83, 80, 75, 70, 70, 101, 'https://img.pokemondb.net/artwork/pidgeot.jpg', 'https://img.pokemondb.net/sprites/sword-shield/icon/pidgeot.png', 18, 1),
('Rattata', 'Normal', '', 253, 30, 56, 35, 25, 35, 72, 'https://img.pokemondb.net/artwork/rattata.jpg', 'https://img.pokemondb.net/sprites/sword-shield/icon/rattata.png', 19, 1),
('Raticate', 'Normal', '', 413, 55, 81, 60, 50, 70, 97, 'https://img.pokemondb.net/artwork/raticate.jpg', 'https://img.pokemondb.net/sprites/sword-shield/icon/raticate.png', 20, 1),
('Spearow', 'Normal', 'Flying', 262, 40, 60, 30, 31, 31, 70, 'https://img.pokemondb.net/artwork/spearow.jpg', 'https://img.pokemondb.net/sprites/sword-shield/icon/spearow.png', 21, 1),
('Fearow', 'Normal', 'Flying', 442, 65, 90, 65, 61, 61, 100, 'https://img.pokemondb.net/artwork/fearow.jpg', 'https://img.pokemondb.net/sprites/sword-shield/icon/fearow.png', 22, 1),
('Ekans', 'Poison', '', 288, 35, 60, 44, 40, 54, 55, 'https://img.pokemondb.net/artwork/ekans.jpg', 'https://img.pokemondb.net/sprites/sword-shield/icon/ekans.png', 23, 1),
('Arbok', 'Poison', '', 448, 60, 95, 69, 65, 79, 80, 'https://img.pokemondb.net/artwork/arbok.jpg', 'https://img.pokemondb.net/sprites/sword-shield/icon/arbok.png', 24, 1),
('Pikachu', 'Electric', '', 320, 35, 55, 40, 50, 50, 90, 'https://img.pokemondb.net/artwork/pikachu.jpg', 'https://img.pokemondb.net/sprites/sword-shield/icon/pikachu.png', 25, 1),
('Raichu', 'Electric', '', 485, 60, 90, 55, 90, 80, 110, 'https://img.pokemondb.net/artwork/raichu.jpg', 'https://img.pokemondb.net/sprites/sword-shield/icon/raichu.png', 26, 1),
('Sandshrew', 'Ground', '', 300, 50, 75, 85, 20, 30, 40, 'https://img.pokemondb.net/artwork/sandshrew.jpg', 'https://img.pokemondb.net/sprites/sword-shield/icon/sandshrew.png', 27, 1),
('Sandslash', 'Ground', '', 450, 75, 100, 110, 45, 55, 65, 'https://img.pokemondb.net/artwork/sandslash.jpg', 'https://img.pokemondb.net/sprites/sword-shield/icon/sandslash.png', 28, 1),
('Nidoran♀', 'Poison', '', 275, 55, 47, 52, 40, 40, 41, 'https://img.pokemondb.net/artwork/nidoran-f.jpg', 'https://img.pokemondb.net/sprites/sword-shield/icon/nidoran-f.png', 29, 1),
('Nidorina', 'Poison', '', 365, 70, 62, 67, 55, 55, 56, 'https://img.pokemondb.net/artwork/nidorina.jpg', 'https://img.pokemondb.net/sprites/sword-shield/icon/nidorina.png', 30, 1),
('Nidoqueen', 'Poison', 'Ground', 505, 90, 92, 87, 75, 85, 76, 'https://img.pokemondb.net/artwork/nidoqueen.jpg', 'https://img.pokemondb.net/sprites/sword-shield/icon/nidoqueen.png', 31, 1),
('Nidoran♂', 'Poison', '', 273, 46, 57, 40, 40, 40, 50, 'https://img.pokemondb.net/artwork/nidoran-m.jpg', 'https://img.pokemondb.net/sprites/sword-shield/icon/nidoran-m.png', 32, 1),
('Nidorino', 'Poison', '', 365, 61, 72, 57, 55, 55, 65, 'https://img.pokemondb.net/artwork/nidorino.jpg', 'https://img.pokemondb.net/sprites/sword-shield/icon/nidorino.png', 33, 1),
('Nidoking', 'Poison', 'Ground', 505, 81, 102, 77, 85, 75, 85, 'https://img.pokemondb.net/artwork/nidoking.jpg', 'https://img.pokemondb.net/sprites/sword-shield/icon/nidoking.png', 34, 1),
('Clefairy', 'Fairy', '', 323, 70, 45, 48, 60, 65, 35, 'https://img.pokemondb.net/artwork/clefairy.jpg', 'https://img.pokemondb.net/sprites/sword-shield/icon/clefairy.png', 35, 1),
('Clefable', 'Fairy', '', 483, 95, 70, 73, 95, 90, 60, 'https://img.pokemondb.net/artwork/clefable.jpg', 'https://img.pokemondb.net/sprites/sword-shield/icon/clefable.png', 36, 1),
('Vulpix', 'Fire', '', 299, 38, 41, 40, 50, 65, 65, 'https://img.pokemondb.net/artwork/vulpix.jpg', 'https://img.pokemondb.net/sprites/sword-shield/icon/vulpix.png', 37, 1),
('Ninetales', 'Fire', '', 505, 73, 76, 75, 81, 100, 100, 'https://img.pokemondb.net/artwork/ninetales.jpg', 'https://img.pokemondb.net/sprites/sword-shield/icon/ninetales.png', 38, 1),
('Jigglypuff', 'Normal', 'Fairy', 270, 115, 45, 20, 45, 25, 20, 'https://img.pokemondb.net/artwork/jigglypuff.jpg', 'https://img.pokemondb.net/sprites/sword-shield/icon/jigglypuff.png', 39, 1),
('Wigglytuff', 'Normal', 'Fairy', 435, 140, 70, 45, 85, 50, 45, 'https://img.pokemondb.net/artwork/wigglytuff.jpg', 'https://img.pokemondb.net/sprites/sword-shield/icon/wigglytuff.png', 40, 1),
('Zubat', 'Poison', 'Flying', 245, 40, 45, 35, 30, 40, 55, 'https://img.pokemondb.net/artwork/zubat.jpg', 'https://img.pokemondb.net/sprites/sword-shield/icon/zubat.png', 41, 1),
('Golbat', 'Poison', 'Flying', 455, 75, 80, 70, 65, 75, 90, 'https://img.pokemondb.net/artwork/golbat.jpg', 'https://img.pokemondb.net/sprites/sword-shield/icon/golbat.png', 42, 1),
('Oddish', 'Grass', 'Poison', 320, 45, 50, 55, 75, 65, 30, 'https://img.pokemondb.net/artwork/oddish.jpg', 'https://img.pokemondb.net/sprites/sword-shield/icon/oddish.png', 43, 1),
('Gloom', 'Grass', 'Poison', 395, 60, 65, 70, 85, 75, 40, 'https://img.pokemondb.net/artwork/gloom.jpg', 'https://img.pokemondb.net/sprites/sword-shield/icon/gloom.png', 44, 1),
('Vileplume', 'Grass', 'Poison', 490, 75, 80, 85, 110, 90, 50, 'https://img.pokemondb.net/artwork/vileplume.jpg', 'https://img.pokemondb.net/sprites/sword-shield/icon/vileplume.png', 45, 1),
('Paras', 'Bug', 'Grass', 285, 35, 70, 55, 45, 55, 25, 'https://img.pokemondb.net/artwork/paras.jpg', 'https://img.pokemondb.net/sprites/sword-shield/icon/paras.png', 46, 1),
('Parasect', 'Bug', 'Grass', 405, 60, 95, 80, 60, 80, 30, 'https://img.pokemondb.net/artwork/parasect.jpg', 'https://img.pokemondb.net/sprites/sword-shield/icon/parasect.png', 47, 1),
('Venonat', 'Bug', 'Poison', 305, 60, 55, 50, 40, 55, 45, 'https://img.pokemondb.net/artwork/venonat.jpg', 'https://img.pokemondb.net/sprites/sword-shield/icon/venonat.png', 48, 1),
('Venomoth', 'Bug', 'Poison', 450, 70, 65, 60, 90, 75, 90, 'https://img.pokemondb.net/artwork/venomoth.jpg', 'https://img.pokemondb.net/sprites/sword-shield/icon/venomoth.png', 49, 1),
('Diglett', 'Ground', '', 265, 10, 55, 25, 35, 45, 95, 'https://img.pokemondb.net/artwork/diglett.jpg', 'https://img.pokemondb.net/sprites/sword-shield/icon/diglett.png', 50, 1),
('Dugtrio', 'Ground', '', 425, 35, 100, 50, 50, 70, 120, 'https://img.pokemondb.net/artwork/dugtrio.jpg', 'https://img.pokemondb.net/sprites/sword-shield/icon/dugtrio.png', 51, 1),
('Meowth', 'Normal', '', 290, 40, 45, 35, 40, 40, 90, 'https://img.pokemondb.net/artwork/meowth.jpg', 'https://img.pokemondb.net/sprites/sword-shield/icon/meowth.png', 52, 1),
('Persian', 'Normal', '', 440, 65, 70, 60, 65, 65, 115, 'https://img.pokemondb.net/artwork/persian.jpg', 'https://img.pokemondb.net/sprites/sword-shield/icon/persian.png', 53, 1),
('Psyduck', 'Water', '', 320, 50, 52, 48, 65, 50, 55, 'https://img.pokemondb.net/artwork/psyduck.jpg', 'https://img.pokemondb.net/sprites/sword-shield/icon/psyduck.png', 54, 1),
('Golduck', 'Water', '', 500, 80, 82, 78, 95, 80, 85, 'https://img.pokemondb.net/artwork/golduck.jpg', 'https://img.pokemondb.net/sprites/sword-shield/icon/golduck.png', 55, 1),
('Mankey', 'Fighting', '', 305, 40, 80, 35, 35, 45, 70, 'https://img.pokemondb.net/artwork/mankey.jpg', 'https://img.pokemondb.net/sprites/sword-shield/icon/mankey.png', 56, 1),
('Primeape', 'Fighting', '', 455, 65, 105, 60, 60, 70, 95, 'https://img.pokemondb.net/artwork/primeape.jpg', 'https://img.pokemondb.net/sprites/sword-shield/icon/primeape.png', 57, 1),
('Growlithe', 'Fire', '', 350, 55, 70, 45, 70, 50, 60, 'https://img.pokemondb.net/artwork/growlithe.jpg', 'https://img.pokemondb.net/sprites/sword-shield/icon/growlithe.png', 58, 1),
('Arcanine', 'Fire', '', 555, 90, 110, 80, 100, 80, 95, 'https://img.pokemondb.net/artwork/arcanine.jpg', 'https://img.pokemondb.net/sprites/sword-shield/icon/arcanine.png', 59, 1),
('Poliwag', 'Water', '', 300, 40, 50, 40, 40, 40, 90, 'https://img.pokemondb.net/artwork/poliwag.jpg', 'https://img.pokemondb.net/sprites/sword-shield/icon/poliwag.png', 60, 1),
('Poliwhirl', 'Water', '', 385, 65, 65, 65, 50, 50, 90, 'https://img.pokemondb.net/artwork/poliwhirl.jpg', 'https://img.pokemondb.net/sprites/sword-shield/icon/poliwhirl.png', 61, 1),
('Poliwrath', 'Water', 'Fighting', 510, 90, 95, 95, 70, 90, 70, 'https://img.pokemondb.net/artwork/poliwrath.jpg', 'https://img.pokemondb.net/sprites/sword-shield/icon/poliwrath.png', 62, 1),
('Abra', 'Psychic', '', 310, 25, 20, 15, 105, 55, 90, 'https://img.pokemondb.net/artwork/abra.jpg', 'https://img.pokemondb.net/sprites/sword-shield/icon/abra.png', 63, 1),
('Kadabra', 'Psychic', '', 400, 40, 35, 30, 120, 70, 105, 'https://img.pokemondb.net/artwork/kadabra.jpg', 'https://img.pokemondb.net/sprites/sword-shield/icon/kadabra.png', 64, 1),
('Alakazam', 'Psychic', '', 500, 55, 50, 45, 135, 95, 120, 'https://img.pokemondb.net/artwork/alakazam.jpg', 'https://img.pokemondb.net/sprites/sword-shield/icon/alakazam.png', 65, 1),
('Machop', 'Fighting', '', 305, 70, 80, 50, 35, 35, 35, 'https://img.pokemondb.net/artwork/machop.jpg', 'https://img.pokemondb.net/sprites/sword-shield/icon/machop.png', 66, 1),
('Machoke', 'Fighting', '', 405, 80, 100, 70, 50, 60, 45, 'https://img.pokemondb.net/artwork/machoke.jpg', 'https://img.pokemondb.net/sprites/sword-shield/icon/machoke.png', 67, 1),
('Machamp', 'Fighting', '', 505, 90, 130, 80, 65, 85, 55, 'https://img.pokemondb.net/artwork/machamp.jpg', 'https://img.pokemondb.net/sprites/sword-shield/icon/machamp.png', 68, 1),
('Bellsprout', 'Grass', 'Poison', 300, 50, 75, 35, 70, 30, 40, 'https://img.pokemondb.net/artwork/bellsprout.jpg', 'https://img.pokemondb.net/sprites/sword-shield/icon/bellsprout.png', 69, 1),
('Weepinbell', 'Grass', 'Poison', 390, 65, 90, 50, 85, 45, 55, 'https://img.pokemondb.net/artwork/weepinbell.jpg', 'https://img.pokemondb.net/sprites/sword-shield/icon/weepinbell.png', 70, 1),
('Victreebel', 'Grass', 'Poison', 490, 80, 105, 65, 100, 70, 70, 'https://img.pokemondb.net/artwork/victreebel.jpg', 'https://img.pokemondb.net/sprites/sword-shield/icon/victreebel.png', 71, 1),
('Tentacool', 'Water', 'Poison', 335, 40, 40, 35, 50, 100, 70, 'https://img.pokemondb.net/artwork/tentacool.jpg', 'https://img.pokemondb.net/sprites/sword-shield/icon/tentacool.png', 72, 1),
('Tentacruel', 'Water', 'Poison', 515, 80, 70, 65, 80, 120, 100, 'https://img.pokemondb.net/artwork/tentacruel.jpg', 'https://img.pokemondb.net/sprites/sword-shield/icon/tentacruel.png', 73, 1),
('Geodude', 'Rock', 'Ground', 300, 40, 80, 100, 30, 30, 20, 'https://img.pokemondb.net/artwork/geodude.jpg', 'https://img.pokemondb.net/sprites/sword-shield/icon/geodude.png', 74, 1),
('Graveler', 'Rock', 'Ground', 390, 55, 95, 115, 45, 45, 35, 'https://img.pokemondb.net/artwork/graveler.jpg', 'https://img.pokemondb.net/sprites/sword-shield/icon/graveler.png', 75, 1),
('Golem', 'Rock', 'Ground', 495, 80, 120, 130, 55, 65, 45, 'https://img.pokemondb.net/artwork/golem.jpg', 'https://img.pokemondb.net/sprites/sword-shield/icon/golem.png', 76, 1),
('Ponyta', 'Fire', '', 410, 50, 85, 55, 65, 65, 90, 'https://img.pokemondb.net/artwork/ponyta.jpg', 'https://img.pokemondb.net/sprites/sword-shield/icon/ponyta.png', 77, 1),
('Rapidash', 'Fire', '', 500, 65, 100, 70, 80, 80, 105, 'https://img.pokemondb.net/artwork/rapidash.jpg', 'https://img.pokemondb.net/sprites/sword-shield/icon/rapidash.png', 78, 1),
('Slowpoke', 'Water', 'Psychic', 315, 90, 65, 65, 40, 40, 15, 'https://img.pokemondb.net/artwork/slowpoke.jpg', 'https://img.pokemondb.net/sprites/sword-shield/icon/slowpoke.png', 79, 1),
('Slowbro', 'Water', 'Psychic', 490, 95, 75, 110, 100, 80, 30, 'https://img.pokemondb.net/artwork/slowbro.jpg', 'https://img.pokemondb.net/sprites/sword-shield/icon/slowbro.png', 80, 1),
('Magnemite', 'Electric', 'Steel', 325, 25, 35, 70, 95, 55, 45, 'https://img.pokemondb.net/artwork/magnemite.jpg', 'https://img.pokemondb.net/sprites/sword-shield/icon/magnemite.png', 81, 1),
('Magneton', 'Electric', 'Steel', 465, 50, 60, 95, 120, 70, 70, 'https://img.pokemondb.net/artwork/magneton.jpg', 'https://img.pokemondb.net/sprites/sword-shield/icon/magneton.png', 82, 1),
('Farfetch\'d', 'Normal', 'Flying', 377, 52, 90, 55, 58, 62, 60, 'https://img.pokemondb.net/artwork/farfetchd.jpg', 'https://img.pokemondb.net/sprites/sword-shield/icon/farfetchd.png', 83, 1),
('Doduo', 'Normal', 'Flying', 310, 35, 85, 45, 35, 35, 75, 'https://img.pokemondb.net/artwork/doduo.jpg', 'https://img.pokemondb.net/sprites/sword-shield/icon/doduo.png', 84, 1),
('Dodrio', 'Normal', 'Flying', 470, 60, 110, 70, 60, 60, 110, 'https://img.pokemondb.net/artwork/dodrio.jpg', 'https://img.pokemondb.net/sprites/sword-shield/icon/dodrio.png', 85, 1),
('Seel', 'Water', '', 325, 65, 45, 55, 45, 70, 45, 'https://img.pokemondb.net/artwork/seel.jpg', 'https://img.pokemondb.net/sprites/sword-shield/icon/seel.png', 86, 1),
('Dewgong', 'Water', 'Ice', 475, 90, 70, 80, 70, 95, 70, 'https://img.pokemondb.net/artwork/dewgong.jpg', 'https://img.pokemondb.net/sprites/sword-shield/icon/dewgong.png', 87, 1),
('Grimer', 'Poison', '', 325, 80, 80, 50, 40, 50, 25, 'https://img.pokemondb.net/artwork/grimer.jpg', 'https://img.pokemondb.net/sprites/sword-shield/icon/grimer.png', 88, 1),
('Muk', 'Poison', '', 500, 105, 105, 75, 65, 100, 50, 'https://img.pokemondb.net/artwork/muk.jpg', 'https://img.pokemondb.net/sprites/sword-shield/icon/muk.png', 89, 1),
('Shellder', 'Water', '', 305, 30, 65, 100, 45, 25, 40, 'https://img.pokemondb.net/artwork/shellder.jpg', 'https://img.pokemondb.net/sprites/sword-shield/icon/shellder.png', 90, 1),
('Cloyster', 'Water', 'Ice', 525, 50, 95, 180, 85, 45, 70, 'https://img.pokemondb.net/artwork/cloyster.jpg', 'https://img.pokemondb.net/sprites/sword-shield/icon/cloyster.png', 91, 1),
('Gastly', 'Ghost', 'Poison', 310, 30, 35, 30, 100, 35, 80, 'https://img.pokemondb.net/artwork/gastly.jpg', 'https://img.pokemondb.net/sprites/sword-shield/icon/gastly.png', 92, 1),
('Haunter', 'Ghost', 'Poison', 405, 45, 50, 45, 115, 55, 95, 'https://img.pokemondb.net/artwork/haunter.jpg', 'https://img.pokemondb.net/sprites/sword-shield/icon/haunter.png', 93, 1),
('Gengar', 'Ghost', 'Poison', 500, 60, 65, 60, 130, 75, 110, 'https://img.pokemondb.net/artwork/gengar.jpg', 'https://img.pokemondb.net/sprites/sword-shield/icon/gengar.png', 94, 1),
('Onix', 'Rock', 'Ground', 385, 35, 45, 160, 30, 45, 70, 'https://img.pokemondb.net/artwork/onix.jpg', 'https://img.pokemondb.net/sprites/sword-shield/icon/onix.png', 95, 1),
('Drowzee', 'Psychic', '', 328, 60, 48, 45, 43, 90, 42, 'https://img.pokemondb.net/artwork/drowzee.jpg', 'https://img.pokemondb.net/sprites/sword-shield/icon/drowzee.png', 96, 1),
('Hypno', 'Psychic', '', 483, 85, 73, 70, 73, 115, 67, 'https://img.pokemondb.net/artwork/hypno.jpg', 'https://img.pokemondb.net/sprites/sword-shield/icon/hypno.png', 97, 1),
('Krabby', 'Water', '', 325, 30, 105, 90, 25, 25, 50, 'https://img.pokemondb.net/artwork/krabby.jpg', 'https://img.pokemondb.net/sprites/sword-shield/icon/krabby.png', 98, 1),
('Kingler', 'Water', '', 475, 55, 130, 115, 50, 50, 75, 'https://img.pokemondb.net/artwork/kingler.jpg', 'https://img.pokemondb.net/sprites/sword-shield/icon/kingler.png', 99, 1),
('Voltorb', 'Electric', '', 330, 40, 30, 50, 55, 55, 100, 'https://img.pokemondb.net/artwork/voltorb.jpg', 'https://img.pokemondb.net/sprites/sword-shield/icon/voltorb.png', 100, 1),
('Electrode', 'Electric', '', 490, 60, 50, 70, 80, 80, 150, 'https://img.pokemondb.net/artwork/electrode.jpg', 'https://img.pokemondb.net/sprites/sword-shield/icon/electrode.png', 101, 1),
('Exeggcute', 'Grass', 'Psychic', 325, 60, 40, 80, 60, 45, 40, 'https://img.pokemondb.net/artwork/exeggcute.jpg', 'https://img.pokemondb.net/sprites/sword-shield/icon/exeggcute.png', 102, 1),
('Exeggutor', 'Grass', 'Psychic', 530, 95, 95, 85, 125, 75, 55, 'https://img.pokemondb.net/artwork/exeggutor.jpg', 'https://img.pokemondb.net/sprites/sword-shield/icon/exeggutor.png', 103, 1),
('Cubone', 'Ground', '', 320, 50, 50, 95, 40, 50, 35, 'https://img.pokemondb.net/artwork/cubone.jpg', 'https://img.pokemondb.net/sprites/sword-shield/icon/cubone.png', 104, 1),
('Marowak', 'Ground', '', 425, 60, 80, 110, 50, 80, 45, 'https://img.pokemondb.net/artwork/marowak.jpg', 'https://img.pokemondb.net/sprites/sword-shield/icon/marowak.png', 105, 1),
('Hitmonlee', 'Fighting', '', 455, 50, 120, 53, 35, 110, 87, 'https://img.pokemondb.net/artwork/hitmonlee.jpg', 'https://img.pokemondb.net/sprites/sword-shield/icon/hitmonlee.png', 106, 1),
('Hitmonchan', 'Fighting', '', 455, 50, 105, 79, 35, 110, 76, 'https://img.pokemondb.net/artwork/hitmonchan.jpg', 'https://img.pokemondb.net/sprites/sword-shield/icon/hitmonchan.png', 107, 1),
('Lickitung', 'Normal', '', 385, 90, 55, 75, 60, 75, 30, 'https://img.pokemondb.net/artwork/lickitung.jpg', 'https://img.pokemondb.net/sprites/sword-shield/icon/lickitung.png', 108, 1),
('Koffing', 'Poison', '', 340, 40, 65, 95, 60, 45, 35, 'https://img.pokemondb.net/artwork/koffing.jpg', 'https://img.pokemondb.net/sprites/sword-shield/icon/koffing.png', 109, 1),
('Weezing', 'Poison', '', 490, 65, 90, 120, 85, 70, 60, 'https://img.pokemondb.net/artwork/weezing.jpg', 'https://img.pokemondb.net/sprites/sword-shield/icon/weezing.png', 110, 1),
('Rhyhorn', 'Ground', 'Rock', 345, 80, 85, 95, 30, 30, 25, 'https://img.pokemondb.net/artwork/rhyhorn.jpg', 'https://img.pokemondb.net/sprites/sword-shield/icon/rhyhorn.png', 111, 1),
('Rhydon', 'Ground', 'Rock', 485, 105, 130, 120, 45, 45, 40, 'https://img.pokemondb.net/artwork/rhydon.jpg', 'https://img.pokemondb.net/sprites/sword-shield/icon/rhydon.png', 112, 1),
('Chansey', 'Normal', '', 450, 250, 5, 5, 35, 105, 50, 'https://img.pokemondb.net/artwork/chansey.jpg', 'https://img.pokemondb.net/sprites/sword-shield/icon/chansey.png', 113, 1),
('Tangela', 'Grass', '', 435, 65, 55, 115, 100, 40, 60, 'https://img.pokemondb.net/artwork/tangela.jpg', 'https://img.pokemondb.net/sprites/sword-shield/icon/tangela.png', 114, 1),
('Kangaskhan', 'Normal', '', 490, 105, 95, 80, 40, 80, 90, 'https://img.pokemondb.net/artwork/kangaskhan.jpg', 'https://img.pokemondb.net/sprites/sword-shield/icon/kangaskhan.png', 115, 1),
('Horsea', 'Water', '', 295, 30, 40, 70, 70, 25, 60, 'https://img.pokemondb.net/artwork/horsea.jpg', 'https://img.pokemondb.net/sprites/sword-shield/icon/horsea.png', 116, 1),
('Seadra', 'Water', '', 440, 55, 65, 95, 95, 45, 85, 'https://img.pokemondb.net/artwork/seadra.jpg', 'https://img.pokemondb.net/sprites/sword-shield/icon/seadra.png', 117, 1),
('Goldeen', 'Water', '', 320, 45, 67, 60, 35, 50, 63, 'https://img.pokemondb.net/artwork/goldeen.jpg', 'https://img.pokemondb.net/sprites/sword-shield/icon/goldeen.png', 118, 1),
('Seaking', 'Water', '', 450, 80, 92, 65, 65, 80, 68, 'https://img.pokemondb.net/artwork/seaking.jpg', 'https://img.pokemondb.net/sprites/sword-shield/icon/seaking.png', 119, 1),
('Staryu', 'Water', '', 340, 30, 45, 55, 70, 55, 85, 'https://img.pokemondb.net/artwork/staryu.jpg', 'https://img.pokemondb.net/sprites/sword-shield/icon/staryu.png', 120, 1),
('Starmie', 'Water', 'Psychic', 520, 60, 75, 85, 100, 85, 115, 'https://img.pokemondb.net/artwork/starmie.jpg', 'https://img.pokemondb.net/sprites/sword-shield/icon/starmie.png', 121, 1),
('Mr. Mime', 'Psychic', 'Fairy', 460, 40, 45, 65, 100, 120, 90, 'https://img.pokemondb.net/artwork/mr-mime.jpg', 'https://img.pokemondb.net/sprites/sword-shield/icon/mr-mime.png', 122, 1),
('Scyther', 'Bug', 'Flying', 500, 70, 110, 80, 55, 80, 105, 'https://img.pokemondb.net/artwork/scyther.jpg', 'https://img.pokemondb.net/sprites/sword-shield/icon/scyther.png', 123, 1),
('Jynx', 'Ice', 'Psychic', 455, 65, 50, 35, 115, 95, 95, 'https://img.pokemondb.net/artwork/jynx.jpg', 'https://img.pokemondb.net/sprites/sword-shield/icon/jynx.png', 124, 1),
('Electabuzz', 'Electric', '', 490, 65, 83, 57, 95, 85, 105, 'https://img.pokemondb.net/artwork/electabuzz.jpg', 'https://img.pokemondb.net/sprites/sword-shield/icon/electabuzz.png', 125, 1),
('Magmar', 'Fire', '', 495, 65, 95, 57, 100, 85, 93, 'https://img.pokemondb.net/artwork/magmar.jpg', 'https://img.pokemondb.net/sprites/sword-shield/icon/magmar.png', 126, 1),
('Pinsir', 'Bug', '', 500, 65, 125, 100, 55, 70, 85, 'https://img.pokemondb.net/artwork/pinsir.jpg', 'https://img.pokemondb.net/sprites/sword-shield/icon/pinsir.png', 127, 1),
('Tauros', 'Normal', '', 490, 75, 100, 95, 40, 70, 110, 'https://img.pokemondb.net/artwork/tauros.jpg', 'https://img.pokemondb.net/sprites/sword-shield/icon/tauros.png', 128, 1),
('Magikarp', 'Water', '', 200, 20, 10, 55, 15, 20, 80, 'https://img.pokemondb.net/artwork/magikarp.jpg', 'https://img.pokemondb.net/sprites/sword-shield/icon/magikarp.png', 129, 1),
('Gyarados', 'Water', 'Flying', 540, 95, 125, 79, 60, 100, 81, 'https://img.pokemondb.net/artwork/gyarados.jpg', 'https://img.pokemondb.net/sprites/sword-shield/icon/gyarados.png', 130, 1),
('Lapras', 'Water', 'Ice', 535, 130, 85, 80, 85, 95, 60, 'https://img.pokemondb.net/artwork/lapras.jpg', 'https://img.pokemondb.net/sprites/sword-shield/icon/lapras.png', 131, 1),
('Ditto', 'Normal', '', 288, 48, 48, 48, 48, 48, 48, 'https://img.pokemondb.net/artwork/ditto.jpg', 'https://img.pokemondb.net/sprites/sword-shield/icon/ditto.png', 132, 1),
('Eevee', 'Normal', '', 325, 55, 55, 50, 45, 65, 55, 'https://img.pokemondb.net/artwork/eevee.jpg', 'https://img.pokemondb.net/sprites/sword-shield/icon/eevee.png', 133, 1),
('Vaporeon', 'Water', '', 525, 130, 65, 60, 110, 95, 65, 'https://img.pokemondb.net/artwork/vaporeon.jpg', 'https://img.pokemondb.net/sprites/sword-shield/icon/vaporeon.png', 134, 1),
('Jolteon', 'Electric', '', 525, 65, 65, 60, 110, 95, 130, 'https://img.pokemondb.net/artwork/jolteon.jpg', 'https://img.pokemondb.net/sprites/sword-shield/icon/jolteon.png', 135, 1),
('Flareon', 'Fire', '', 525, 65, 130, 60, 95, 110, 65, 'https://img.pokemondb.net/artwork/flareon.jpg', 'https://img.pokemondb.net/sprites/sword-shield/icon/flareon.png', 136, 1),
('Porygon', 'Normal', '', 395, 65, 60, 70, 85, 75, 40, 'https://img.pokemondb.net/artwork/porygon.jpg', 'https://img.pokemondb.net/sprites/sword-shield/icon/porygon.png', 137, 1),
('Omanyte', 'Rock', 'Water', 355, 35, 40, 100, 90, 55, 35, 'https://img.pokemondb.net/artwork/omanyte.jpg', 'https://img.pokemondb.net/sprites/sword-shield/icon/omanyte.png', 138, 1),
('Omastar', 'Rock', 'Water', 495, 70, 60, 125, 115, 70, 55, 'https://img.pokemondb.net/artwork/omastar.jpg', 'https://img.pokemondb.net/sprites/sword-shield/icon/omastar.png', 139, 1),
('Kabuto', 'Rock', 'Water', 355, 30, 80, 90, 55, 45, 55, 'https://img.pokemondb.net/artwork/kabuto.jpg', 'https://img.pokemondb.net/sprites/sword-shield/icon/kabuto.png', 140, 1),
('Kabutops', 'Rock', 'Water', 495, 60, 115, 105, 65, 70, 80, 'https://img.pokemondb.net/artwork/kabutops.jpg', 'https://img.pokemondb.net/sprites/sword-shield/icon/kabutops.png', 141, 1),
('Aerodactyl', 'Rock', 'Flying', 515, 80, 105, 65, 60, 75, 130, 'https://img.pokemondb.net/artwork/aerodactyl.jpg', 'https://img.pokemondb.net/sprites/sword-shield/icon/aerodactyl.png', 142, 1),
('Snorlax', 'Normal', '', 540, 160, 110, 65, 65, 110, 30, 'https://img.pokemondb.net/artwork/snorlax.jpg', 'https://img.pokemondb.net/sprites/sword-shield/icon/snorlax.png', 143, 1),
('Articuno', 'Ice', 'Flying', 580, 90, 85, 100, 95, 125, 85, 'https://img.pokemondb.net/artwork/articuno.jpg', 'https://img.pokemondb.net/sprites/sword-shield/icon/articuno.png', 144, 1),
('Zapdos', 'Electric', 'Flying', 580, 90, 90, 85, 125, 90, 100, 'https://img.pokemondb.net/artwork/zapdos.jpg', 'https://img.pokemondb.net/sprites/sword-shield/icon/zapdos.png', 145, 1),
('Moltres', 'Fire', 'Flying', 580, 90, 100, 90, 125, 85, 90, 'https://img.pokemondb.net/artwork/moltres.jpg', 'https://img.pokemondb.net/sprites/sword-shield/icon/moltres.png', 146, 1),
('Dratini', 'Dragon', '', 300, 41, 64, 45, 50, 50, 50, 'https://img.pokemondb.net/artwork/dratini.jpg', 'https://img.pokemondb.net/sprites/sword-shield/icon/dratini.png', 147, 1),
('Dragonair', 'Dragon', '', 420, 61, 84, 65, 70, 70, 70, 'https://img.pokemondb.net/artwork/dragonair.jpg', 'https://img.pokemondb.net/sprites/sword-shield/icon/dragonair.png', 148, 1),
('Dragonite', 'Dragon', 'Flying', 600, 91, 134, 95, 100, 100, 80, 'https://img.pokemondb.net/artwork/dragonite.jpg', 'https://img.pokemondb.net/sprites/sword-shield/icon/dragonite.png', 149, 1),
('Mewtwo', 'Psychic', '', 680, 106, 110, 90, 154, 90, 130, 'https://img.pokemondb.net/artwork/mewtwo.jpg', 'https://img.pokemondb.net/sprites/sword-shield/icon/mewtwo.png', 150, 1),
('Mew', 'Psychic', '', 600, 100, 100, 100, 100, 100, 100, 'https://img.pokemondb.net/artwork/mew.jpg', 'https://img.pokemondb.net/sprites/sword-shield/icon/mew.png', 151, 1),
('Chikorita', 'Grass', '', 318, 45, 49, 65, 49, 65, 45, 'https://img.pokemondb.net/artwork/chikorita.jpg', 'https://img.pokemondb.net/sprites/sword-shield/icon/chikorita.png', 152, 2),
('Bayleef', 'Grass', '', 405, 60, 62, 80, 63, 80, 60, 'https://img.pokemondb.net/artwork/bayleef.jpg', 'https://img.pokemondb.net/sprites/sword-shield/icon/bayleef.png', 153, 2),
('Meganium', 'Grass', '', 525, 80, 82, 100, 83, 100, 80, 'https://img.pokemondb.net/artwork/meganium.jpg', 'https://img.pokemondb.net/sprites/sword-shield/icon/meganium.png', 154, 2),
('Cyndaquil', 'Fire', '', 309, 39, 52, 43, 60, 50, 65, 'https://img.pokemondb.net/artwork/cyndaquil.jpg', 'https://img.pokemondb.net/sprites/sword-shield/icon/cyndaquil.png', 155, 2),
('Quilava', 'Fire', '', 405, 58, 64, 58, 80, 65, 80, 'https://img.pokemondb.net/artwork/quilava.jpg', 'https://img.pokemondb.net/sprites/sword-shield/icon/quilava.png', 156, 2),
('Typhlosion', 'Fire', '', 534, 78, 84, 78, 109, 85, 100, 'https://img.pokemondb.net/artwork/typhlosion.jpg', 'https://img.pokemondb.net/sprites/sword-shield/icon/typhlosion.png', 157, 2),
('Totodile', 'Water', '', 314, 50, 65, 64, 44, 48, 43, 'https://img.pokemondb.net/artwork/totodile.jpg', 'https://img.pokemondb.net/sprites/sword-shield/icon/totodile.png', 158, 2),
('Croconaw', 'Water', '', 405, 65, 80, 80, 59, 63, 58, 'https://img.pokemondb.net/artwork/croconaw.jpg', 'https://img.pokemondb.net/sprites/sword-shield/icon/croconaw.png', 159, 2),
('Feraligatr', 'Water', '', 530, 85, 105, 100, 79, 83, 78, 'https://img.pokemondb.net/artwork/feraligatr.jpg', 'https://img.pokemondb.net/sprites/sword-shield/icon/feraligatr.png', 160, 2),
('Sentret', 'Normal', '', 215, 35, 46, 34, 35, 45, 20, 'https://img.pokemondb.net/artwork/sentret.jpg', 'https://img.pokemondb.net/sprites/sword-shield/icon/sentret.png', 161, 2),
('Furret', 'Normal', '', 415, 85, 76, 64, 45, 55, 90, 'https://img.pokemondb.net/artwork/furret.jpg', 'https://img.pokemondb.net/sprites/sword-shield/icon/furret.png', 162, 2),
('Hoothoot', 'Normal', 'Flying', 262, 60, 30, 30, 36, 56, 50, 'https://img.pokemondb.net/artwork/hoothoot.jpg', 'https://img.pokemondb.net/sprites/sword-shield/icon/hoothoot.png', 163, 2),
('Noctowl', 'Normal', 'Flying', 452, 100, 50, 50, 86, 96, 70, 'https://img.pokemondb.net/artwork/noctowl.jpg', 'https://img.pokemondb.net/sprites/sword-shield/icon/noctowl.png', 164, 2),
('Ledyba', 'Bug', 'Flying', 265, 40, 20, 30, 40, 80, 55, 'https://img.pokemondb.net/artwork/ledyba.jpg', 'https://img.pokemondb.net/sprites/sword-shield/icon/ledyba.png', 165, 2),
('Ledian', 'Bug', 'Flying', 390, 55, 35, 50, 55, 110, 85, 'https://img.pokemondb.net/artwork/ledian.jpg', 'https://img.pokemondb.net/sprites/sword-shield/icon/ledian.png', 166, 2),
('Spinarak', 'Bug', 'Poison', 250, 40, 60, 40, 40, 40, 30, 'https://img.pokemondb.net/artwork/spinarak.jpg', 'https://img.pokemondb.net/sprites/sword-shield/icon/spinarak.png', 167, 2),
('Ariados', 'Bug', 'Poison', 400, 70, 90, 70, 60, 70, 40, 'https://img.pokemondb.net/artwork/ariados.jpg', 'https://img.pokemondb.net/sprites/sword-shield/icon/ariados.png', 168, 2),
('Crobat', 'Poison', 'Flying', 535, 85, 90, 80, 70, 80, 130, 'https://img.pokemondb.net/artwork/crobat.jpg', 'https://img.pokemondb.net/sprites/sword-shield/icon/crobat.png', 169, 2),
('Chinchou', 'Water', 'Electric', 330, 75, 38, 38, 56, 56, 67, 'https://img.pokemondb.net/artwork/chinchou.jpg', 'https://img.pokemondb.net/sprites/sword-shield/icon/chinchou.png', 170, 2),
('Lanturn', 'Water', 'Electric', 460, 125, 58, 58, 76, 76, 67, 'https://img.pokemondb.net/artwork/lanturn.jpg', 'https://img.pokemondb.net/sprites/sword-shield/icon/lanturn.png', 171, 2),
('Pichu', 'Electric', '', 205, 20, 40, 15, 35, 35, 60, 'https://img.pokemondb.net/artwork/pichu.jpg', 'https://img.pokemondb.net/sprites/sword-shield/icon/pichu.png', 172, 2),
('Cleffa', 'Fairy', '', 218, 50, 25, 28, 45, 55, 15, 'https://img.pokemondb.net/artwork/cleffa.jpg', 'https://img.pokemondb.net/sprites/sword-shield/icon/cleffa.png', 173, 2),
('Igglybuff', 'Normal', 'Fairy', 210, 90, 30, 15, 40, 20, 15, 'https://img.pokemondb.net/artwork/igglybuff.jpg', 'https://img.pokemondb.net/sprites/sword-shield/icon/igglybuff.png', 174, 2),
('Togepi', 'Fairy', '', 245, 35, 20, 65, 40, 65, 20, 'https://img.pokemondb.net/artwork/togepi.jpg', 'https://img.pokemondb.net/sprites/sword-shield/icon/togepi.png', 175, 2),
('Togetic', 'Fairy', 'Flying', 405, 55, 40, 85, 80, 105, 40, 'https://img.pokemondb.net/artwork/togetic.jpg', 'https://img.pokemondb.net/sprites/sword-shield/icon/togetic.png', 176, 2),
('Natu', 'Psychic', 'Flying', 320, 40, 50, 45, 70, 45, 70, 'https://img.pokemondb.net/artwork/natu.jpg', 'https://img.pokemondb.net/sprites/sword-shield/icon/natu.png', 177, 2),
('Xatu', 'Psychic', 'Flying', 470, 65, 75, 70, 95, 70, 95, 'https://img.pokemondb.net/artwork/xatu.jpg', 'https://img.pokemondb.net/sprites/sword-shield/icon/xatu.png', 178, 2),
('Mareep', 'Electric', '', 280, 55, 40, 40, 65, 45, 35, 'https://img.pokemondb.net/artwork/mareep.jpg', 'https://img.pokemondb.net/sprites/sword-shield/icon/mareep.png', 179, 2),
('Flaaffy', 'Electric', '', 365, 70, 55, 55, 80, 60, 45, 'https://img.pokemondb.net/artwork/flaaffy.jpg', 'https://img.pokemondb.net/sprites/sword-shield/icon/flaaffy.png', 180, 2),
('Ampharos', 'Electric', '', 510, 90, 75, 85, 115, 90, 55, 'https://img.pokemondb.net/artwork/ampharos.jpg', 'https://img.pokemondb.net/sprites/sword-shield/icon/ampharos.png', 181, 2),
('Bellossom', 'Grass', '', 490, 75, 80, 95, 90, 100, 50, 'https://img.pokemondb.net/artwork/bellossom.jpg', 'https://img.pokemondb.net/sprites/sword-shield/icon/bellossom.png', 182, 2),
('Marill', 'Water', 'Fairy', 250, 70, 20, 50, 20, 50, 40, 'https://img.pokemondb.net/artwork/marill.jpg', 'https://img.pokemondb.net/sprites/sword-shield/icon/marill.png', 183, 2),
('Azumarill', 'Water', 'Fairy', 420, 100, 50, 80, 60, 80, 50, 'https://img.pokemondb.net/artwork/azumarill.jpg', 'https://img.pokemondb.net/sprites/sword-shield/icon/azumarill.png', 184, 2),
('Sudowoodo', 'Rock', '', 410, 70, 100, 115, 30, 65, 30, 'https://img.pokemondb.net/artwork/sudowoodo.jpg', 'https://img.pokemondb.net/sprites/sword-shield/icon/sudowoodo.png', 185, 2),
('Politoed', 'Water', '', 500, 90, 75, 75, 90, 100, 70, 'https://img.pokemondb.net/artwork/politoed.jpg', 'https://img.pokemondb.net/sprites/sword-shield/icon/politoed.png', 186, 2),
('Hoppip', 'Grass', 'Flying', 250, 35, 35, 40, 35, 55, 50, 'https://img.pokemondb.net/artwork/hoppip.jpg', 'https://img.pokemondb.net/sprites/sword-shield/icon/hoppip.png', 187, 2),
('Skiploom', 'Grass', 'Flying', 340, 55, 45, 50, 45, 65, 80, 'https://img.pokemondb.net/artwork/skiploom.jpg', 'https://img.pokemondb.net/sprites/sword-shield/icon/skiploom.png', 188, 2),
('Jumpluff', 'Grass', 'Flying', 460, 75, 55, 70, 55, 95, 110, 'https://img.pokemondb.net/artwork/jumpluff.jpg', 'https://img.pokemondb.net/sprites/sword-shield/icon/jumpluff.png', 189, 2),
('Aipom', 'Normal', '', 360, 55, 70, 55, 40, 55, 85, 'https://img.pokemondb.net/artwork/aipom.jpg', 'https://img.pokemondb.net/sprites/sword-shield/icon/aipom.png', 190, 2),
('Sunkern', 'Grass', '', 180, 30, 30, 30, 30, 30, 30, 'https://img.pokemondb.net/artwork/sunkern.jpg', 'https://img.pokemondb.net/sprites/sword-shield/icon/sunkern.png', 191, 2),
('Sunflora', 'Grass', '', 425, 75, 75, 55, 105, 85, 30, 'https://img.pokemondb.net/artwork/sunflora.jpg', 'https://img.pokemondb.net/sprites/sword-shield/icon/sunflora.png', 192, 2),
('Yanma', 'Bug', 'Flying', 390, 65, 65, 45, 75, 45, 95, 'https://img.pokemondb.net/artwork/yanma.jpg', 'https://img.pokemondb.net/sprites/sword-shield/icon/yanma.png', 193, 2),
('Wooper', 'Water', 'Ground', 210, 55, 45, 45, 25, 25, 15, 'https://img.pokemondb.net/artwork/wooper.jpg', 'https://img.pokemondb.net/sprites/sword-shield/icon/wooper.png', 194, 2),
('Quagsire', 'Water', 'Ground', 430, 95, 85, 85, 65, 65, 35, 'https://img.pokemondb.net/artwork/quagsire.jpg', 'https://img.pokemondb.net/sprites/sword-shield/icon/quagsire.png', 195, 2),
('Espeon', 'Psychic', '', 525, 65, 65, 60, 130, 95, 110, 'https://img.pokemondb.net/artwork/espeon.jpg', 'https://img.pokemondb.net/sprites/sword-shield/icon/espeon.png', 196, 2),
('Umbreon', 'Dark', '', 525, 95, 65, 110, 60, 130, 65, 'https://img.pokemondb.net/artwork/umbreon.jpg', 'https://img.pokemondb.net/sprites/sword-shield/icon/umbreon.png', 197, 2),
('Murkrow', 'Dark', 'Flying', 405, 60, 85, 42, 85, 42, 91, 'https://img.pokemondb.net/artwork/murkrow.jpg', 'https://img.pokemondb.net/sprites/sword-shield/icon/murkrow.png', 198, 2),
('Slowking', 'Water', 'Psychic', 490, 95, 75, 80, 100, 110, 30, 'https://img.pokemondb.net/artwork/slowking.jpg', 'https://img.pokemondb.net/sprites/sword-shield/icon/slowking.png', 199, 2),
('Misdreavus', 'Ghost', '', 435, 60, 60, 60, 85, 85, 85, 'https://img.pokemondb.net/artwork/misdreavus.jpg', 'https://img.pokemondb.net/sprites/sword-shield/icon/misdreavus.png', 200, 2),
('Unown', 'Psychic', '', 336, 48, 72, 48, 72, 48, 48, 'https://img.pokemondb.net/artwork/unown.jpg', 'https://img.pokemondb.net/sprites/sword-shield/icon/unown.png', 201, 2),
('Wobbuffet', 'Psychic', '', 405, 190, 33, 58, 33, 58, 33, 'https://img.pokemondb.net/artwork/wobbuffet.jpg', 'https://img.pokemondb.net/sprites/sword-shield/icon/wobbuffet.png', 202, 2),
('Girafarig', 'Normal', 'Psychic', 455, 70, 80, 65, 90, 65, 85, 'https://img.pokemondb.net/artwork/girafarig.jpg', 'https://img.pokemondb.net/sprites/sword-shield/icon/girafarig.png', 203, 2),
('Pineco', 'Bug', '', 290, 50, 65, 90, 35, 35, 15, 'https://img.pokemondb.net/artwork/pineco.jpg', 'https://img.pokemondb.net/sprites/sword-shield/icon/pineco.png', 204, 2),
('Forretress', 'Bug', 'Steel', 465, 75, 90, 140, 60, 60, 40, 'https://img.pokemondb.net/artwork/forretress.jpg', 'https://img.pokemondb.net/sprites/sword-shield/icon/forretress.png', 205, 2),
('Dunsparce', 'Normal', '', 415, 100, 70, 70, 65, 65, 45, 'https://img.pokemondb.net/artwork/dunsparce.jpg', 'https://img.pokemondb.net/sprites/sword-shield/icon/dunsparce.png', 206, 2),
('Gligar', 'Ground', 'Flying', 430, 65, 75, 105, 35, 65, 85, 'https://img.pokemondb.net/artwork/gligar.jpg', 'https://img.pokemondb.net/sprites/sword-shield/icon/gligar.png', 207, 2),
('Steelix', 'Steel', 'Ground', 510, 75, 85, 200, 55, 65, 30, 'https://img.pokemondb.net/artwork/steelix.jpg', 'https://img.pokemondb.net/sprites/sword-shield/icon/steelix.png', 208, 2),
('Snubbull', 'Fairy', '', 300, 60, 80, 50, 40, 40, 30, 'https://img.pokemondb.net/artwork/snubbull.jpg', 'https://img.pokemondb.net/sprites/sword-shield/icon/snubbull.png', 209, 2),
('Granbull', 'Fairy', '', 450, 90, 120, 75, 60, 60, 45, 'https://img.pokemondb.net/artwork/granbull.jpg', 'https://img.pokemondb.net/sprites/sword-shield/icon/granbull.png', 210, 2),
('Qwilfish', 'Water', 'Poison', 440, 65, 95, 85, 55, 55, 85, 'https://img.pokemondb.net/artwork/qwilfish.jpg', 'https://img.pokemondb.net/sprites/sword-shield/icon/qwilfish.png', 211, 2),
('Scizor', 'Bug', 'Steel', 500, 70, 130, 100, 55, 80, 65, 'https://img.pokemondb.net/artwork/scizor.jpg', 'https://img.pokemondb.net/sprites/sword-shield/icon/scizor.png', 212, 2),
('Shuckle', 'Bug', 'Rock', 505, 20, 10, 230, 10, 230, 5, 'https://img.pokemondb.net/artwork/shuckle.jpg', 'https://img.pokemondb.net/sprites/sword-shield/icon/shuckle.png', 213, 2),
('Heracross', 'Bug', 'Fighting', 500, 80, 125, 75, 40, 95, 85, 'https://img.pokemondb.net/artwork/heracross.jpg', 'https://img.pokemondb.net/sprites/sword-shield/icon/heracross.png', 214, 2),
('Sneasel', 'Dark', 'Ice', 430, 55, 95, 55, 35, 75, 115, 'https://img.pokemondb.net/artwork/sneasel.jpg', 'https://img.pokemondb.net/sprites/sword-shield/icon/sneasel.png', 215, 2),
('Teddiursa', 'Normal', '', 330, 60, 80, 50, 50, 50, 40, 'https://img.pokemondb.net/artwork/teddiursa.jpg', 'https://img.pokemondb.net/sprites/sword-shield/icon/teddiursa.png', 216, 2),
('Ursaring', 'Normal', '', 500, 90, 130, 75, 75, 75, 55, 'https://img.pokemondb.net/artwork/ursaring.jpg', 'https://img.pokemondb.net/sprites/sword-shield/icon/ursaring.png', 217, 2),
('Slugma', 'Fire', '', 250, 40, 40, 40, 70, 40, 20, 'https://img.pokemondb.net/artwork/slugma.jpg', 'https://img.pokemondb.net/sprites/sword-shield/icon/slugma.png', 218, 2),
('Magcargo', 'Fire', 'Rock', 430, 60, 50, 120, 90, 80, 30, 'https://img.pokemondb.net/artwork/magcargo.jpg', 'https://img.pokemondb.net/sprites/sword-shield/icon/magcargo.png', 219, 2),
('Swinub', 'Ice', 'Ground', 250, 50, 50, 40, 30, 30, 50, 'https://img.pokemondb.net/artwork/swinub.jpg', 'https://img.pokemondb.net/sprites/sword-shield/icon/swinub.png', 220, 2),
('Piloswine', 'Ice', 'Ground', 450, 100, 100, 80, 60, 60, 50, 'https://img.pokemondb.net/artwork/piloswine.jpg', 'https://img.pokemondb.net/sprites/sword-shield/icon/piloswine.png', 221, 2),
('Corsola', 'Water', 'Rock', 410, 65, 55, 95, 65, 95, 35, 'https://img.pokemondb.net/artwork/corsola.jpg', 'https://img.pokemondb.net/sprites/sword-shield/icon/corsola.png', 222, 2),
('Remoraid', 'Water', '', 300, 35, 65, 35, 65, 35, 65, 'https://img.pokemondb.net/artwork/remoraid.jpg', 'https://img.pokemondb.net/sprites/sword-shield/icon/remoraid.png', 223, 2),
('Octillery', 'Water', '', 480, 75, 105, 75, 105, 75, 45, 'https://img.pokemondb.net/artwork/octillery.jpg', 'https://img.pokemondb.net/sprites/sword-shield/icon/octillery.png', 224, 2),
('Delibird', 'Ice', 'Flying', 330, 45, 55, 45, 65, 45, 75, 'https://img.pokemondb.net/artwork/delibird.jpg', 'https://img.pokemondb.net/sprites/sword-shield/icon/delibird.png', 225, 2),
('Mantine', 'Water', 'Flying', 485, 85, 40, 70, 80, 140, 70, 'https://img.pokemondb.net/artwork/mantine.jpg', 'https://img.pokemondb.net/sprites/sword-shield/icon/mantine.png', 226, 2),
('Skarmory', 'Steel', 'Flying', 465, 65, 80, 140, 40, 70, 70, 'https://img.pokemondb.net/artwork/skarmory.jpg', 'https://img.pokemondb.net/sprites/sword-shield/icon/skarmory.png', 227, 2),
('Houndour', 'Dark', 'Fire', 330, 45, 60, 30, 80, 50, 65, 'https://img.pokemondb.net/artwork/houndour.jpg', 'https://img.pokemondb.net/sprites/sword-shield/icon/houndour.png', 228, 2),
('Houndoom', 'Dark', 'Fire', 500, 75, 90, 50, 110, 80, 95, 'https://img.pokemondb.net/artwork/houndoom.jpg', 'https://img.pokemondb.net/sprites/sword-shield/icon/houndoom.png', 229, 2),
('Kingdra', 'Water', 'Dragon', 540, 75, 95, 95, 95, 95, 85, 'https://img.pokemondb.net/artwork/kingdra.jpg', 'https://img.pokemondb.net/sprites/sword-shield/icon/kingdra.png', 230, 2),
('Phanpy', 'Ground', '', 330, 90, 60, 60, 40, 40, 40, 'https://img.pokemondb.net/artwork/phanpy.jpg', 'https://img.pokemondb.net/sprites/sword-shield/icon/phanpy.png', 231, 2),
('Donphan', 'Ground', '', 500, 90, 120, 120, 60, 60, 50, 'https://img.pokemondb.net/artwork/donphan.jpg', 'https://img.pokemondb.net/sprites/sword-shield/icon/donphan.png', 232, 2),
('Porygon2', 'Normal', '', 515, 85, 80, 90, 105, 95, 60, 'https://img.pokemondb.net/artwork/porygon2.jpg', 'https://img.pokemondb.net/sprites/sword-shield/icon/porygon2.png', 233, 2),
('Stantler', 'Normal', '', 465, 73, 95, 62, 85, 65, 85, 'https://img.pokemondb.net/artwork/stantler.jpg', 'https://img.pokemondb.net/sprites/sword-shield/icon/stantler.png', 234, 2),
('Smeargle', 'Normal', '', 250, 55, 20, 35, 20, 45, 75, 'https://img.pokemondb.net/artwork/smeargle.jpg', 'https://img.pokemondb.net/sprites/sword-shield/icon/smeargle.png', 235, 2),
('Tyrogue', 'Fighting', '', 210, 35, 35, 35, 35, 35, 35, 'https://img.pokemondb.net/artwork/tyrogue.jpg', 'https://img.pokemondb.net/sprites/sword-shield/icon/tyrogue.png', 236, 2),
('Hitmontop', 'Fighting', '', 455, 50, 95, 95, 35, 110, 70, 'https://img.pokemondb.net/artwork/hitmontop.jpg', 'https://img.pokemondb.net/sprites/sword-shield/icon/hitmontop.png', 237, 2),
('Smoochum', 'Ice', 'Psychic', 305, 45, 30, 15, 85, 65, 65, 'https://img.pokemondb.net/artwork/smoochum.jpg', 'https://img.pokemondb.net/sprites/sword-shield/icon/smoochum.png', 238, 2),
('Elekid', 'Electric', '', 360, 45, 63, 37, 65, 55, 95, 'https://img.pokemondb.net/artwork/elekid.jpg', 'https://img.pokemondb.net/sprites/sword-shield/icon/elekid.png', 239, 2),
('Magby', 'Fire', '', 365, 45, 75, 37, 70, 55, 83, 'https://img.pokemondb.net/artwork/magby.jpg', 'https://img.pokemondb.net/sprites/sword-shield/icon/magby.png', 240, 2),
('Miltank', 'Normal', '', 490, 95, 80, 105, 40, 70, 100, 'https://img.pokemondb.net/artwork/miltank.jpg', 'https://img.pokemondb.net/sprites/sword-shield/icon/miltank.png', 241, 2),
('Blissey', 'Normal', '', 540, 255, 10, 10, 75, 135, 55, 'https://img.pokemondb.net/artwork/blissey.jpg', 'https://img.pokemondb.net/sprites/sword-shield/icon/blissey.png', 242, 2),
('Raikou', 'Electric', '', 580, 90, 85, 75, 115, 100, 115, 'https://img.pokemondb.net/artwork/raikou.jpg', 'https://img.pokemondb.net/sprites/sword-shield/icon/raikou.png', 243, 2),
('Entei', 'Fire', '', 580, 115, 115, 85, 90, 75, 100, 'https://img.pokemondb.net/artwork/entei.jpg', 'https://img.pokemondb.net/sprites/sword-shield/icon/entei.png', 244, 2),
('Suicune', 'Water', '', 580, 100, 75, 115, 90, 115, 85, 'https://img.pokemondb.net/artwork/suicune.jpg', 'https://img.pokemondb.net/sprites/sword-shield/icon/suicune.png', 245, 2),
('Larvitar', 'Rock', 'Ground', 300, 50, 64, 50, 45, 50, 41, 'https://img.pokemondb.net/artwork/larvitar.jpg', 'https://img.pokemondb.net/sprites/sword-shield/icon/larvitar.png', 246, 2),
('Pupitar', 'Rock', 'Ground', 410, 70, 84, 70, 65, 70, 51, 'https://img.pokemondb.net/artwork/pupitar.jpg', 'https://img.pokemondb.net/sprites/sword-shield/icon/pupitar.png', 247, 2),
('Tyranitar', 'Rock', 'Dark', 600, 100, 134, 110, 95, 100, 61, 'https://img.pokemondb.net/artwork/tyranitar.jpg', 'https://img.pokemondb.net/sprites/sword-shield/icon/tyranitar.png', 248, 2),
('Lugia', 'Psychic', 'Flying', 680, 106, 90, 130, 90, 154, 110, 'https://img.pokemondb.net/artwork/lugia.jpg', 'https://img.pokemondb.net/sprites/sword-shield/icon/lugia.png', 249, 2),
('Ho-oh', 'Fire', 'Flying', 680, 106, 130, 90, 110, 154, 90, 'https://img.pokemondb.net/artwork/ho-oh.jpg', 'https://img.pokemondb.net/sprites/sword-shield/icon/ho-oh.png', 250, 2),
('Celebi', 'Psychic', 'Grass', 600, 100, 100, 100, 100, 100, 100, 'https://img.pokemondb.net/artwork/celebi.jpg', 'https://img.pokemondb.net/sprites/sword-shield/icon/celebi.png', 251, 2),
('Treecko', 'Grass', '', 310, 40, 45, 35, 65, 55, 70, 'https://img.pokemondb.net/artwork/treecko.jpg', 'https://img.pokemondb.net/sprites/sword-shield/icon/treecko.png', 252, 3),
('Grovyle', 'Grass', '', 405, 50, 65, 45, 85, 65, 95, 'https://img.pokemondb.net/artwork/grovyle.jpg', 'https://img.pokemondb.net/sprites/sword-shield/icon/grovyle.png', 253, 3),
('Sceptile', 'Grass', '', 530, 70, 85, 65, 105, 85, 120, 'https://img.pokemondb.net/artwork/sceptile.jpg', 'https://img.pokemondb.net/sprites/sword-shield/icon/sceptile.png', 254, 3),
('Torchic', 'Fire', '', 310, 45, 60, 40, 70, 50, 45, 'https://img.pokemondb.net/artwork/torchic.jpg', 'https://img.pokemondb.net/sprites/sword-shield/icon/torchic.png', 255, 3),
('Combusken', 'Fire', 'Fighting', 405, 60, 85, 60, 85, 60, 55, 'https://img.pokemondb.net/artwork/combusken.jpg', 'https://img.pokemondb.net/sprites/sword-shield/icon/combusken.png', 256, 3),
('Blaziken', 'Fire', 'Fighting', 530, 80, 120, 70, 110, 70, 80, 'https://img.pokemondb.net/artwork/blaziken.jpg', 'https://img.pokemondb.net/sprites/sword-shield/icon/blaziken.png', 257, 3),
('Mudkip', 'Water', '', 310, 50, 70, 50, 50, 50, 40, 'https://img.pokemondb.net/artwork/mudkip.jpg', 'https://img.pokemondb.net/sprites/sword-shield/icon/mudkip.png', 258, 3),
('Marshtomp', 'Water', 'Ground', 405, 70, 85, 70, 60, 70, 50, 'https://img.pokemondb.net/artwork/marshtomp.jpg', 'https://img.pokemondb.net/sprites/sword-shield/icon/marshtomp.png', 259, 3),
('Swampert', 'Water', 'Ground', 535, 100, 110, 90, 85, 90, 60, 'https://img.pokemondb.net/artwork/swampert.jpg', 'https://img.pokemondb.net/sprites/sword-shield/icon/swampert.png', 260, 3),
('Poochyena', 'Dark', '', 220, 35, 55, 35, 30, 30, 35, 'https://img.pokemondb.net/artwork/poochyena.jpg', 'https://img.pokemondb.net/sprites/sword-shield/icon/poochyena.png', 261, 3),
('Mightyena', 'Dark', '', 420, 70, 90, 70, 60, 60, 70, 'https://img.pokemondb.net/artwork/mightyena.jpg', 'https://img.pokemondb.net/sprites/sword-shield/icon/mightyena.png', 262, 3),
('Zigzagoon', 'Normal', '', 240, 38, 30, 41, 30, 41, 60, 'https://img.pokemondb.net/artwork/zigzagoon.jpg', 'https://img.pokemondb.net/sprites/sword-shield/icon/zigzagoon.png', 263, 3),
('Linoone', 'Normal', '', 420, 78, 70, 61, 50, 61, 100, 'https://img.pokemondb.net/artwork/linoone.jpg', 'https://img.pokemondb.net/sprites/sword-shield/icon/linoone.png', 264, 3),
('Wurmple', 'Bug', '', 195, 45, 45, 35, 20, 30, 20, 'https://img.pokemondb.net/artwork/wurmple.jpg', 'https://img.pokemondb.net/sprites/sword-shield/icon/wurmple.png', 265, 3),
('Silcoon', 'Bug', '', 205, 50, 35, 55, 25, 25, 15, 'https://img.pokemondb.net/artwork/silcoon.jpg', 'https://img.pokemondb.net/sprites/sword-shield/icon/silcoon.png', 266, 3),
('Beautifly', 'Bug', 'Flying', 395, 60, 70, 50, 100, 50, 65, 'https://img.pokemondb.net/artwork/beautifly.jpg', 'https://img.pokemondb.net/sprites/sword-shield/icon/beautifly.png', 267, 3),
('Cascoon', 'Bug', '', 205, 50, 35, 55, 25, 25, 15, 'https://img.pokemondb.net/artwork/cascoon.jpg', 'https://img.pokemondb.net/sprites/sword-shield/icon/cascoon.png', 268, 3),
('Dustox', 'Bug', 'Poison', 385, 60, 50, 70, 50, 90, 65, 'https://img.pokemondb.net/artwork/dustox.jpg', 'https://img.pokemondb.net/sprites/sword-shield/icon/dustox.png', 269, 3),
('Lotad', 'Water', 'Grass', 220, 40, 30, 30, 40, 50, 30, 'https://img.pokemondb.net/artwork/lotad.jpg', 'https://img.pokemondb.net/sprites/sword-shield/icon/lotad.png', 270, 3),
('Lombre', 'Water', 'Grass', 340, 60, 50, 50, 60, 70, 50, 'https://img.pokemondb.net/artwork/lombre.jpg', 'https://img.pokemondb.net/sprites/sword-shield/icon/lombre.png', 271, 3),
('Ludicolo', 'Water', 'Grass', 480, 80, 70, 70, 90, 100, 70, 'https://img.pokemondb.net/artwork/ludicolo.jpg', 'https://img.pokemondb.net/sprites/sword-shield/icon/ludicolo.png', 272, 3),
('Seedot', 'Grass', '', 220, 40, 40, 50, 30, 30, 30, 'https://img.pokemondb.net/artwork/seedot.jpg', 'https://img.pokemondb.net/sprites/sword-shield/icon/seedot.png', 273, 3),
('Nuzleaf', 'Grass', 'Dark', 340, 70, 70, 40, 60, 40, 60, 'https://img.pokemondb.net/artwork/nuzleaf.jpg', 'https://img.pokemondb.net/sprites/sword-shield/icon/nuzleaf.png', 274, 3),
('Shiftry', 'Grass', 'Dark', 480, 90, 100, 60, 90, 60, 80, 'https://img.pokemondb.net/artwork/shiftry.jpg', 'https://img.pokemondb.net/sprites/sword-shield/icon/shiftry.png', 275, 3);
INSERT INTO `csv` (`name`, `type1`, `type2`, `total`, `hp`, `attack`, `defense`, `special_attack`, `special_defense`, `speed`, `image`, `icon`, `id`, `generation`) VALUES
('Taillow', 'Normal', 'Flying', 270, 40, 55, 30, 30, 30, 85, 'https://img.pokemondb.net/artwork/taillow.jpg', 'https://img.pokemondb.net/sprites/sword-shield/icon/taillow.png', 276, 3),
('Swellow', 'Normal', 'Flying', 455, 60, 85, 60, 75, 50, 125, 'https://img.pokemondb.net/artwork/swellow.jpg', 'https://img.pokemondb.net/sprites/sword-shield/icon/swellow.png', 277, 3),
('Wingull', 'Water', 'Flying', 270, 40, 30, 30, 55, 30, 85, 'https://img.pokemondb.net/artwork/wingull.jpg', 'https://img.pokemondb.net/sprites/sword-shield/icon/wingull.png', 278, 3),
('Pelipper', 'Water', 'Flying', 440, 60, 50, 100, 95, 70, 65, 'https://img.pokemondb.net/artwork/pelipper.jpg', 'https://img.pokemondb.net/sprites/sword-shield/icon/pelipper.png', 279, 3),
('Ralts', 'Psychic', 'Fairy', 198, 28, 25, 25, 45, 35, 40, 'https://img.pokemondb.net/artwork/ralts.jpg', 'https://img.pokemondb.net/sprites/sword-shield/icon/ralts.png', 280, 3),
('Kirlia', 'Psychic', 'Fairy', 278, 38, 35, 35, 65, 55, 50, 'https://img.pokemondb.net/artwork/kirlia.jpg', 'https://img.pokemondb.net/sprites/sword-shield/icon/kirlia.png', 281, 3),
('Gardevoir', 'Psychic', 'Fairy', 518, 68, 65, 65, 125, 115, 80, 'https://img.pokemondb.net/artwork/gardevoir.jpg', 'https://img.pokemondb.net/sprites/sword-shield/icon/gardevoir.png', 282, 3),
('Surskit', 'Bug', 'Water', 269, 40, 30, 32, 50, 52, 65, 'https://img.pokemondb.net/artwork/surskit.jpg', 'https://img.pokemondb.net/sprites/sword-shield/icon/surskit.png', 283, 3),
('Masquerain', 'Bug', 'Flying', 454, 70, 60, 62, 100, 82, 80, 'https://img.pokemondb.net/artwork/masquerain.jpg', 'https://img.pokemondb.net/sprites/sword-shield/icon/masquerain.png', 284, 3),
('Shroomish', 'Grass', '', 295, 60, 40, 60, 40, 60, 35, 'https://img.pokemondb.net/artwork/shroomish.jpg', 'https://img.pokemondb.net/sprites/sword-shield/icon/shroomish.png', 285, 3),
('Breloom', 'Grass', 'Fighting', 460, 60, 130, 80, 60, 60, 70, 'https://img.pokemondb.net/artwork/breloom.jpg', 'https://img.pokemondb.net/sprites/sword-shield/icon/breloom.png', 286, 3),
('Slakoth', 'Normal', '', 280, 60, 60, 60, 35, 35, 30, 'https://img.pokemondb.net/artwork/slakoth.jpg', 'https://img.pokemondb.net/sprites/sword-shield/icon/slakoth.png', 287, 3),
('Vigoroth', 'Normal', '', 440, 80, 80, 80, 55, 55, 90, 'https://img.pokemondb.net/artwork/vigoroth.jpg', 'https://img.pokemondb.net/sprites/sword-shield/icon/vigoroth.png', 288, 3),
('Slaking', 'Normal', '', 670, 150, 160, 100, 95, 65, 100, 'https://img.pokemondb.net/artwork/slaking.jpg', 'https://img.pokemondb.net/sprites/sword-shield/icon/slaking.png', 289, 3),
('Nincada', 'Bug', 'Ground', 266, 31, 45, 90, 30, 30, 40, 'https://img.pokemondb.net/artwork/nincada.jpg', 'https://img.pokemondb.net/sprites/sword-shield/icon/nincada.png', 290, 3),
('Ninjask', 'Bug', 'Flying', 456, 61, 90, 45, 50, 50, 160, 'https://img.pokemondb.net/artwork/ninjask.jpg', 'https://img.pokemondb.net/sprites/sword-shield/icon/ninjask.png', 291, 3),
('Shedinja', 'Bug', 'Ghost', 236, 1, 90, 45, 30, 30, 40, 'https://img.pokemondb.net/artwork/shedinja.jpg', 'https://img.pokemondb.net/sprites/sword-shield/icon/shedinja.png', 292, 3),
('Whismur', 'Normal', '', 240, 64, 51, 23, 51, 23, 28, 'https://img.pokemondb.net/artwork/whismur.jpg', 'https://img.pokemondb.net/sprites/sword-shield/icon/whismur.png', 293, 3),
('Loudred', 'Normal', '', 360, 84, 71, 43, 71, 43, 48, 'https://img.pokemondb.net/artwork/loudred.jpg', 'https://img.pokemondb.net/sprites/sword-shield/icon/loudred.png', 294, 3),
('Exploud', 'Normal', '', 490, 104, 91, 63, 91, 73, 68, 'https://img.pokemondb.net/artwork/exploud.jpg', 'https://img.pokemondb.net/sprites/sword-shield/icon/exploud.png', 295, 3),
('Makuhita', 'Fighting', '', 237, 72, 60, 30, 20, 30, 25, 'https://img.pokemondb.net/artwork/makuhita.jpg', 'https://img.pokemondb.net/sprites/sword-shield/icon/makuhita.png', 296, 3),
('Hariyama', 'Fighting', '', 474, 144, 120, 60, 40, 60, 50, 'https://img.pokemondb.net/artwork/hariyama.jpg', 'https://img.pokemondb.net/sprites/sword-shield/icon/hariyama.png', 297, 3),
('Azurill', 'Normal', 'Fairy', 190, 50, 20, 40, 20, 40, 20, 'https://img.pokemondb.net/artwork/azurill.jpg', 'https://img.pokemondb.net/sprites/sword-shield/icon/azurill.png', 298, 3),
('Nosepass', 'Rock', '', 375, 30, 45, 135, 45, 90, 30, 'https://img.pokemondb.net/artwork/nosepass.jpg', 'https://img.pokemondb.net/sprites/sword-shield/icon/nosepass.png', 299, 3),
('Skitty', 'Normal', '', 260, 50, 45, 45, 35, 35, 50, 'https://img.pokemondb.net/artwork/skitty.jpg', 'https://img.pokemondb.net/sprites/sword-shield/icon/skitty.png', 300, 3),
('Delcatty', 'Normal', '', 400, 70, 65, 65, 55, 55, 90, 'https://img.pokemondb.net/artwork/delcatty.jpg', 'https://img.pokemondb.net/sprites/sword-shield/icon/delcatty.png', 301, 3),
('Sableye', 'Dark', 'Ghost', 380, 50, 75, 75, 65, 65, 50, 'https://img.pokemondb.net/artwork/sableye.jpg', 'https://img.pokemondb.net/sprites/sword-shield/icon/sableye.png', 302, 3),
('Mawile', 'Steel', 'Fairy', 380, 50, 85, 85, 55, 55, 50, 'https://img.pokemondb.net/artwork/mawile.jpg', 'https://img.pokemondb.net/sprites/sword-shield/icon/mawile.png', 303, 3),
('Aron', 'Steel', 'Rock', 330, 50, 70, 100, 40, 40, 30, 'https://img.pokemondb.net/artwork/aron.jpg', 'https://img.pokemondb.net/sprites/sword-shield/icon/aron.png', 304, 3),
('Lairon', 'Steel', 'Rock', 430, 60, 90, 140, 50, 50, 40, 'https://img.pokemondb.net/artwork/lairon.jpg', 'https://img.pokemondb.net/sprites/sword-shield/icon/lairon.png', 305, 3),
('Aggron', 'Steel', 'Rock', 530, 70, 110, 180, 60, 60, 50, 'https://img.pokemondb.net/artwork/aggron.jpg', 'https://img.pokemondb.net/sprites/sword-shield/icon/aggron.png', 306, 3),
('Meditite', 'Fighting', 'Psychic', 280, 30, 40, 55, 40, 55, 60, 'https://img.pokemondb.net/artwork/meditite.jpg', 'https://img.pokemondb.net/sprites/sword-shield/icon/meditite.png', 307, 3),
('Medicham', 'Fighting', 'Psychic', 410, 60, 60, 75, 60, 75, 80, 'https://img.pokemondb.net/artwork/medicham.jpg', 'https://img.pokemondb.net/sprites/sword-shield/icon/medicham.png', 308, 3),
('Electrike', 'Electric', '', 295, 40, 45, 40, 65, 40, 65, 'https://img.pokemondb.net/artwork/electrike.jpg', 'https://img.pokemondb.net/sprites/sword-shield/icon/electrike.png', 309, 3),
('Manectric', 'Electric', '', 475, 70, 75, 60, 105, 60, 105, 'https://img.pokemondb.net/artwork/manectric.jpg', 'https://img.pokemondb.net/sprites/sword-shield/icon/manectric.png', 310, 3),
('Plusle', 'Electric', '', 405, 60, 50, 40, 85, 75, 95, 'https://img.pokemondb.net/artwork/plusle.jpg', 'https://img.pokemondb.net/sprites/sword-shield/icon/plusle.png', 311, 3),
('Minun', 'Electric', '', 405, 60, 40, 50, 75, 85, 95, 'https://img.pokemondb.net/artwork/minun.jpg', 'https://img.pokemondb.net/sprites/sword-shield/icon/minun.png', 312, 3),
('Volbeat', 'Bug', '', 430, 65, 73, 75, 47, 85, 85, 'https://img.pokemondb.net/artwork/volbeat.jpg', 'https://img.pokemondb.net/sprites/sword-shield/icon/volbeat.png', 313, 3),
('Illumise', 'Bug', '', 430, 65, 47, 75, 73, 85, 85, 'https://img.pokemondb.net/artwork/illumise.jpg', 'https://img.pokemondb.net/sprites/sword-shield/icon/illumise.png', 314, 3),
('Roselia', 'Grass', 'Poison', 400, 50, 60, 45, 100, 80, 65, 'https://img.pokemondb.net/artwork/roselia.jpg', 'https://img.pokemondb.net/sprites/sword-shield/icon/roselia.png', 315, 3),
('Gulpin', 'Poison', '', 302, 70, 43, 53, 43, 53, 40, 'https://img.pokemondb.net/artwork/gulpin.jpg', 'https://img.pokemondb.net/sprites/sword-shield/icon/gulpin.png', 316, 3),
('Swalot', 'Poison', '', 467, 100, 73, 83, 73, 83, 55, 'https://img.pokemondb.net/artwork/swalot.jpg', 'https://img.pokemondb.net/sprites/sword-shield/icon/swalot.png', 317, 3),
('Carvanha', 'Water', 'Dark', 305, 45, 90, 20, 65, 20, 65, 'https://img.pokemondb.net/artwork/carvanha.jpg', 'https://img.pokemondb.net/sprites/sword-shield/icon/carvanha.png', 318, 3),
('Sharpedo', 'Water', 'Dark', 460, 70, 120, 40, 95, 40, 95, 'https://img.pokemondb.net/artwork/sharpedo.jpg', 'https://img.pokemondb.net/sprites/sword-shield/icon/sharpedo.png', 319, 3),
('Wailmer', 'Water', '', 400, 130, 70, 35, 70, 35, 60, 'https://img.pokemondb.net/artwork/wailmer.jpg', 'https://img.pokemondb.net/sprites/sword-shield/icon/wailmer.png', 320, 3),
('Wailord', 'Water', '', 500, 170, 90, 45, 90, 45, 60, 'https://img.pokemondb.net/artwork/wailord.jpg', 'https://img.pokemondb.net/sprites/sword-shield/icon/wailord.png', 321, 3),
('Numel', 'Fire', 'Ground', 305, 60, 60, 40, 65, 45, 35, 'https://img.pokemondb.net/artwork/numel.jpg', 'https://img.pokemondb.net/sprites/sword-shield/icon/numel.png', 322, 3),
('Camerupt', 'Fire', 'Ground', 460, 70, 100, 70, 105, 75, 40, 'https://img.pokemondb.net/artwork/camerupt.jpg', 'https://img.pokemondb.net/sprites/sword-shield/icon/camerupt.png', 323, 3),
('Torkoal', 'Fire', '', 470, 70, 85, 140, 85, 70, 20, 'https://img.pokemondb.net/artwork/torkoal.jpg', 'https://img.pokemondb.net/sprites/sword-shield/icon/torkoal.png', 324, 3),
('Spoink', 'Psychic', '', 330, 60, 25, 35, 70, 80, 60, 'https://img.pokemondb.net/artwork/spoink.jpg', 'https://img.pokemondb.net/sprites/sword-shield/icon/spoink.png', 325, 3),
('Grumpig', 'Psychic', '', 470, 80, 45, 65, 90, 110, 80, 'https://img.pokemondb.net/artwork/grumpig.jpg', 'https://img.pokemondb.net/sprites/sword-shield/icon/grumpig.png', 326, 3),
('Spinda', 'Normal', '', 360, 60, 60, 60, 60, 60, 60, 'https://img.pokemondb.net/artwork/spinda.jpg', 'https://img.pokemondb.net/sprites/sword-shield/icon/spinda.png', 327, 3),
('Trapinch', 'Ground', '', 290, 45, 100, 45, 45, 45, 10, 'https://img.pokemondb.net/artwork/trapinch.jpg', 'https://img.pokemondb.net/sprites/sword-shield/icon/trapinch.png', 328, 3),
('Vibrava', 'Ground', 'Dragon', 340, 50, 70, 50, 50, 50, 70, 'https://img.pokemondb.net/artwork/vibrava.jpg', 'https://img.pokemondb.net/sprites/sword-shield/icon/vibrava.png', 329, 3),
('Flygon', 'Ground', 'Dragon', 520, 80, 100, 80, 80, 80, 100, 'https://img.pokemondb.net/artwork/flygon.jpg', 'https://img.pokemondb.net/sprites/sword-shield/icon/flygon.png', 330, 3),
('Cacnea', 'Grass', '', 335, 50, 85, 40, 85, 40, 35, 'https://img.pokemondb.net/artwork/cacnea.jpg', 'https://img.pokemondb.net/sprites/sword-shield/icon/cacnea.png', 331, 3),
('Cacturne', 'Grass', 'Dark', 475, 70, 115, 60, 115, 60, 55, 'https://img.pokemondb.net/artwork/cacturne.jpg', 'https://img.pokemondb.net/sprites/sword-shield/icon/cacturne.png', 332, 3),
('Swablu', 'Normal', 'Flying', 310, 45, 40, 60, 40, 75, 50, 'https://img.pokemondb.net/artwork/swablu.jpg', 'https://img.pokemondb.net/sprites/sword-shield/icon/swablu.png', 333, 3),
('Altaria', 'Dragon', 'Flying', 490, 75, 70, 90, 70, 105, 80, 'https://img.pokemondb.net/artwork/altaria.jpg', 'https://img.pokemondb.net/sprites/sword-shield/icon/altaria.png', 334, 3),
('Zangoose', 'Normal', '', 458, 73, 115, 60, 60, 60, 90, 'https://img.pokemondb.net/artwork/zangoose.jpg', 'https://img.pokemondb.net/sprites/sword-shield/icon/zangoose.png', 335, 3),
('Seviper', 'Poison', '', 458, 73, 100, 60, 100, 60, 65, 'https://img.pokemondb.net/artwork/seviper.jpg', 'https://img.pokemondb.net/sprites/sword-shield/icon/seviper.png', 336, 3),
('Lunatone', 'Rock', 'Psychic', 460, 90, 55, 65, 95, 85, 70, 'https://img.pokemondb.net/artwork/lunatone.jpg', 'https://img.pokemondb.net/sprites/sword-shield/icon/lunatone.png', 337, 3),
('Solrock', 'Rock', 'Psychic', 460, 90, 95, 85, 55, 65, 70, 'https://img.pokemondb.net/artwork/solrock.jpg', 'https://img.pokemondb.net/sprites/sword-shield/icon/solrock.png', 338, 3),
('Barboach', 'Water', 'Ground', 288, 50, 48, 43, 46, 41, 60, 'https://img.pokemondb.net/artwork/barboach.jpg', 'https://img.pokemondb.net/sprites/sword-shield/icon/barboach.png', 339, 3),
('Whiscash', 'Water', 'Ground', 468, 110, 78, 73, 76, 71, 60, 'https://img.pokemondb.net/artwork/whiscash.jpg', 'https://img.pokemondb.net/sprites/sword-shield/icon/whiscash.png', 340, 3),
('Corphish', 'Water', '', 308, 43, 80, 65, 50, 35, 35, 'https://img.pokemondb.net/artwork/corphish.jpg', 'https://img.pokemondb.net/sprites/sword-shield/icon/corphish.png', 341, 3),
('Crawdaunt', 'Water', 'Dark', 468, 63, 120, 85, 90, 55, 55, 'https://img.pokemondb.net/artwork/crawdaunt.jpg', 'https://img.pokemondb.net/sprites/sword-shield/icon/crawdaunt.png', 342, 3),
('Baltoy', 'Ground', 'Psychic', 300, 40, 40, 55, 40, 70, 55, 'https://img.pokemondb.net/artwork/baltoy.jpg', 'https://img.pokemondb.net/sprites/sword-shield/icon/baltoy.png', 343, 3),
('Claydol', 'Ground', 'Psychic', 500, 60, 70, 105, 70, 120, 75, 'https://img.pokemondb.net/artwork/claydol.jpg', 'https://img.pokemondb.net/sprites/sword-shield/icon/claydol.png', 344, 3),
('Lileep', 'Rock', 'Grass', 355, 66, 41, 77, 61, 87, 23, 'https://img.pokemondb.net/artwork/lileep.jpg', 'https://img.pokemondb.net/sprites/sword-shield/icon/lileep.png', 345, 3),
('Cradily', 'Rock', 'Grass', 495, 86, 81, 97, 81, 107, 43, 'https://img.pokemondb.net/artwork/cradily.jpg', 'https://img.pokemondb.net/sprites/sword-shield/icon/cradily.png', 346, 3),
('Anorith', 'Rock', 'Bug', 355, 45, 95, 50, 40, 50, 75, 'https://img.pokemondb.net/artwork/anorith.jpg', 'https://img.pokemondb.net/sprites/sword-shield/icon/anorith.png', 347, 3),
('Armaldo', 'Rock', 'Bug', 495, 75, 125, 100, 70, 80, 45, 'https://img.pokemondb.net/artwork/armaldo.jpg', 'https://img.pokemondb.net/sprites/sword-shield/icon/armaldo.png', 348, 3),
('Feebas', 'Water', '', 200, 20, 15, 20, 10, 55, 80, 'https://img.pokemondb.net/artwork/feebas.jpg', 'https://img.pokemondb.net/sprites/sword-shield/icon/feebas.png', 349, 3),
('Milotic', 'Water', '', 540, 95, 60, 79, 100, 125, 81, 'https://img.pokemondb.net/artwork/milotic.jpg', 'https://img.pokemondb.net/sprites/sword-shield/icon/milotic.png', 350, 3),
('Castform', 'Normal', '', 420, 70, 70, 70, 70, 70, 70, 'https://img.pokemondb.net/artwork/castform.jpg', 'https://img.pokemondb.net/sprites/sword-shield/icon/castform.png', 351, 3),
('Kecleon', 'Normal', '', 440, 60, 90, 70, 60, 120, 40, 'https://img.pokemondb.net/artwork/kecleon.jpg', 'https://img.pokemondb.net/sprites/sword-shield/icon/kecleon.png', 352, 3),
('Shuppet', 'Ghost', '', 295, 44, 75, 35, 63, 33, 45, 'https://img.pokemondb.net/artwork/shuppet.jpg', 'https://img.pokemondb.net/sprites/sword-shield/icon/shuppet.png', 353, 3),
('Banette', 'Ghost', '', 455, 64, 115, 65, 83, 63, 65, 'https://img.pokemondb.net/artwork/banette.jpg', 'https://img.pokemondb.net/sprites/sword-shield/icon/banette.png', 354, 3),
('Duskull', 'Ghost', '', 295, 20, 40, 90, 30, 90, 25, 'https://img.pokemondb.net/artwork/duskull.jpg', 'https://img.pokemondb.net/sprites/sword-shield/icon/duskull.png', 355, 3),
('Dusclops', 'Ghost', '', 455, 40, 70, 130, 60, 130, 25, 'https://img.pokemondb.net/artwork/dusclops.jpg', 'https://img.pokemondb.net/sprites/sword-shield/icon/dusclops.png', 356, 3),
('Tropius', 'Grass', 'Flying', 460, 99, 68, 83, 72, 87, 51, 'https://img.pokemondb.net/artwork/tropius.jpg', 'https://img.pokemondb.net/sprites/sword-shield/icon/tropius.png', 357, 3),
('Chimecho', 'Psychic', '', 455, 75, 50, 80, 95, 90, 65, 'https://img.pokemondb.net/artwork/chimecho.jpg', 'https://img.pokemondb.net/sprites/sword-shield/icon/chimecho.png', 358, 3),
('Absol', 'Dark', '', 465, 65, 130, 60, 75, 60, 75, 'https://img.pokemondb.net/artwork/absol.jpg', 'https://img.pokemondb.net/sprites/sword-shield/icon/absol.png', 359, 3),
('Wynaut', 'Psychic', '', 260, 95, 23, 48, 23, 48, 23, 'https://img.pokemondb.net/artwork/wynaut.jpg', 'https://img.pokemondb.net/sprites/sword-shield/icon/wynaut.png', 360, 3),
('Snorunt', 'Ice', '', 300, 50, 50, 50, 50, 50, 50, 'https://img.pokemondb.net/artwork/snorunt.jpg', 'https://img.pokemondb.net/sprites/sword-shield/icon/snorunt.png', 361, 3),
('Glalie', 'Ice', '', 480, 80, 80, 80, 80, 80, 80, 'https://img.pokemondb.net/artwork/glalie.jpg', 'https://img.pokemondb.net/sprites/sword-shield/icon/glalie.png', 362, 3),
('Spheal', 'Ice', 'Water', 290, 70, 40, 50, 55, 50, 25, 'https://img.pokemondb.net/artwork/spheal.jpg', 'https://img.pokemondb.net/sprites/sword-shield/icon/spheal.png', 363, 3),
('Sealeo', 'Ice', 'Water', 410, 90, 60, 70, 75, 70, 45, 'https://img.pokemondb.net/artwork/sealeo.jpg', 'https://img.pokemondb.net/sprites/sword-shield/icon/sealeo.png', 364, 3),
('Walrein', 'Ice', 'Water', 530, 110, 80, 90, 95, 90, 65, 'https://img.pokemondb.net/artwork/walrein.jpg', 'https://img.pokemondb.net/sprites/sword-shield/icon/walrein.png', 365, 3),
('Clamperl', 'Water', '', 345, 35, 64, 85, 74, 55, 32, 'https://img.pokemondb.net/artwork/clamperl.jpg', 'https://img.pokemondb.net/sprites/sword-shield/icon/clamperl.png', 366, 3),
('Huntail', 'Water', '', 485, 55, 104, 105, 94, 75, 52, 'https://img.pokemondb.net/artwork/huntail.jpg', 'https://img.pokemondb.net/sprites/sword-shield/icon/huntail.png', 367, 3),
('Gorebyss', 'Water', '', 485, 55, 84, 105, 114, 75, 52, 'https://img.pokemondb.net/artwork/gorebyss.jpg', 'https://img.pokemondb.net/sprites/sword-shield/icon/gorebyss.png', 368, 3),
('Relicanth', 'Water', 'Rock', 485, 100, 90, 130, 45, 65, 55, 'https://img.pokemondb.net/artwork/relicanth.jpg', 'https://img.pokemondb.net/sprites/sword-shield/icon/relicanth.png', 369, 3),
('Luvdisc', 'Water', '', 330, 43, 30, 55, 40, 65, 97, 'https://img.pokemondb.net/artwork/luvdisc.jpg', 'https://img.pokemondb.net/sprites/sword-shield/icon/luvdisc.png', 370, 3),
('Bagon', 'Dragon', '', 300, 45, 75, 60, 40, 30, 50, 'https://img.pokemondb.net/artwork/bagon.jpg', 'https://img.pokemondb.net/sprites/sword-shield/icon/bagon.png', 371, 3),
('Shelgon', 'Dragon', '', 420, 65, 95, 100, 60, 50, 50, 'https://img.pokemondb.net/artwork/shelgon.jpg', 'https://img.pokemondb.net/sprites/sword-shield/icon/shelgon.png', 372, 3),
('Salamence', 'Dragon', 'Flying', 600, 95, 135, 80, 110, 80, 100, 'https://img.pokemondb.net/artwork/salamence.jpg', 'https://img.pokemondb.net/sprites/sword-shield/icon/salamence.png', 373, 3),
('Beldum', 'Steel', 'Psychic', 300, 40, 55, 80, 35, 60, 30, 'https://img.pokemondb.net/artwork/beldum.jpg', 'https://img.pokemondb.net/sprites/sword-shield/icon/beldum.png', 374, 3),
('Metang', 'Steel', 'Psychic', 420, 60, 75, 100, 55, 80, 50, 'https://img.pokemondb.net/artwork/metang.jpg', 'https://img.pokemondb.net/sprites/sword-shield/icon/metang.png', 375, 3),
('Metagross', 'Steel', 'Psychic', 600, 80, 135, 130, 95, 90, 70, 'https://img.pokemondb.net/artwork/metagross.jpg', 'https://img.pokemondb.net/sprites/sword-shield/icon/metagross.png', 376, 3),
('Regirock', 'Rock', '', 580, 80, 100, 200, 50, 100, 50, 'https://img.pokemondb.net/artwork/regirock.jpg', 'https://img.pokemondb.net/sprites/sword-shield/icon/regirock.png', 377, 3),
('Regice', 'Ice', '', 580, 80, 50, 100, 100, 200, 50, 'https://img.pokemondb.net/artwork/regice.jpg', 'https://img.pokemondb.net/sprites/sword-shield/icon/regice.png', 378, 3),
('Registeel', 'Steel', '', 580, 80, 75, 150, 75, 150, 50, 'https://img.pokemondb.net/artwork/registeel.jpg', 'https://img.pokemondb.net/sprites/sword-shield/icon/registeel.png', 379, 3),
('Latias', 'Dragon', 'Psychic', 600, 80, 80, 90, 110, 130, 110, 'https://img.pokemondb.net/artwork/latias.jpg', 'https://img.pokemondb.net/sprites/sword-shield/icon/latias.png', 380, 3),
('Latios', 'Dragon', 'Psychic', 600, 80, 90, 80, 130, 110, 110, 'https://img.pokemondb.net/artwork/latios.jpg', 'https://img.pokemondb.net/sprites/sword-shield/icon/latios.png', 381, 3),
('Kyogre', 'Water', '', 670, 100, 100, 90, 150, 140, 90, 'https://img.pokemondb.net/artwork/kyogre.jpg', 'https://img.pokemondb.net/sprites/sword-shield/icon/kyogre.png', 382, 3),
('Groudon', 'Ground', '', 670, 100, 150, 140, 100, 90, 90, 'https://img.pokemondb.net/artwork/groudon.jpg', 'https://img.pokemondb.net/sprites/sword-shield/icon/groudon.png', 383, 3),
('Rayquaza', 'Dragon', 'Flying', 680, 105, 150, 90, 150, 90, 95, 'https://img.pokemondb.net/artwork/rayquaza.jpg', 'https://img.pokemondb.net/sprites/sword-shield/icon/rayquaza.png', 384, 3),
('Jirachi', 'Steel', 'Psychic', 600, 100, 100, 100, 100, 100, 100, 'https://img.pokemondb.net/artwork/jirachi.jpg', 'https://img.pokemondb.net/sprites/sword-shield/icon/jirachi.png', 385, 3),
('Deoxys', 'Psychic', '', 600, 50, 150, 50, 150, 50, 150, 'https://img.pokemondb.net/artwork/deoxys.jpg', 'https://img.pokemondb.net/sprites/sword-shield/icon/deoxys-normal.png', 386, 3),
('Turtwig', 'Grass', '', 318, 55, 68, 64, 45, 55, 31, 'https://img.pokemondb.net/artwork/turtwig.jpg', 'https://img.pokemondb.net/sprites/sword-shield/icon/turtwig.png', 387, 4),
('Grotle', 'Grass', '', 405, 75, 89, 85, 55, 65, 36, 'https://img.pokemondb.net/artwork/grotle.jpg', 'https://img.pokemondb.net/sprites/sword-shield/icon/grotle.png', 388, 4),
('Torterra', 'Grass', 'Ground', 525, 95, 109, 105, 75, 85, 56, 'https://img.pokemondb.net/artwork/torterra.jpg', 'https://img.pokemondb.net/sprites/sword-shield/icon/torterra.png', 389, 4),
('Chimchar', 'Fire', '', 309, 44, 58, 44, 58, 44, 61, 'https://img.pokemondb.net/artwork/chimchar.jpg', 'https://img.pokemondb.net/sprites/sword-shield/icon/chimchar.png', 390, 4),
('Monferno', 'Fire', 'Fighting', 405, 64, 78, 52, 78, 52, 81, 'https://img.pokemondb.net/artwork/monferno.jpg', 'https://img.pokemondb.net/sprites/sword-shield/icon/monferno.png', 391, 4),
('Infernape', 'Fire', 'Fighting', 534, 76, 104, 71, 104, 71, 108, 'https://img.pokemondb.net/artwork/infernape.jpg', 'https://img.pokemondb.net/sprites/sword-shield/icon/infernape.png', 392, 4),
('Piplup', 'Water', '', 314, 53, 51, 53, 61, 56, 40, 'https://img.pokemondb.net/artwork/piplup.jpg', 'https://img.pokemondb.net/sprites/sword-shield/icon/piplup.png', 393, 4),
('Prinplup', 'Water', '', 405, 64, 66, 68, 81, 76, 50, 'https://img.pokemondb.net/artwork/prinplup.jpg', 'https://img.pokemondb.net/sprites/sword-shield/icon/prinplup.png', 394, 4),
('Empoleon', 'Water', 'Steel', 530, 84, 86, 88, 111, 101, 60, 'https://img.pokemondb.net/artwork/empoleon.jpg', 'https://img.pokemondb.net/sprites/sword-shield/icon/empoleon.png', 395, 4),
('Starly', 'Normal', 'Flying', 245, 40, 55, 30, 30, 30, 60, 'https://img.pokemondb.net/artwork/starly.jpg', 'https://img.pokemondb.net/sprites/sword-shield/icon/starly.png', 396, 4),
('Staravia', 'Normal', 'Flying', 340, 55, 75, 50, 40, 40, 80, 'https://img.pokemondb.net/artwork/staravia.jpg', 'https://img.pokemondb.net/sprites/sword-shield/icon/staravia.png', 397, 4),
('Staraptor', 'Normal', 'Flying', 485, 85, 120, 70, 50, 60, 100, 'https://img.pokemondb.net/artwork/staraptor.jpg', 'https://img.pokemondb.net/sprites/sword-shield/icon/staraptor.png', 398, 4),
('Bidoof', 'Normal', '', 250, 59, 45, 40, 35, 40, 31, 'https://img.pokemondb.net/artwork/bidoof.jpg', 'https://img.pokemondb.net/sprites/sword-shield/icon/bidoof.png', 399, 4),
('Bibarel', 'Normal', 'Water', 410, 79, 85, 60, 55, 60, 71, 'https://img.pokemondb.net/artwork/bibarel.jpg', 'https://img.pokemondb.net/sprites/sword-shield/icon/bibarel.png', 400, 4),
('Kricketot', 'Bug', '', 194, 37, 25, 41, 25, 41, 25, 'https://img.pokemondb.net/artwork/kricketot.jpg', 'https://img.pokemondb.net/sprites/sword-shield/icon/kricketot.png', 401, 4),
('Kricketune', 'Bug', '', 384, 77, 85, 51, 55, 51, 65, 'https://img.pokemondb.net/artwork/kricketune.jpg', 'https://img.pokemondb.net/sprites/sword-shield/icon/kricketune.png', 402, 4),
('Shinx', 'Electric', '', 263, 45, 65, 34, 40, 34, 45, 'https://img.pokemondb.net/artwork/shinx.jpg', 'https://img.pokemondb.net/sprites/sword-shield/icon/shinx.png', 403, 4),
('Luxio', 'Electric', '', 363, 60, 85, 49, 60, 49, 60, 'https://img.pokemondb.net/artwork/luxio.jpg', 'https://img.pokemondb.net/sprites/sword-shield/icon/luxio.png', 404, 4),
('Luxray', 'Electric', '', 523, 80, 120, 79, 95, 79, 70, 'https://img.pokemondb.net/artwork/luxray.jpg', 'https://img.pokemondb.net/sprites/sword-shield/icon/luxray.png', 405, 4),
('Budew', 'Grass', 'Poison', 280, 40, 30, 35, 50, 70, 55, 'https://img.pokemondb.net/artwork/budew.jpg', 'https://img.pokemondb.net/sprites/sword-shield/icon/budew.png', 406, 4),
('Roserade', 'Grass', 'Poison', 515, 60, 70, 65, 125, 105, 90, 'https://img.pokemondb.net/artwork/roserade.jpg', 'https://img.pokemondb.net/sprites/sword-shield/icon/roserade.png', 407, 4),
('Cranidos', 'Rock', '', 350, 67, 125, 40, 30, 30, 58, 'https://img.pokemondb.net/artwork/cranidos.jpg', 'https://img.pokemondb.net/sprites/sword-shield/icon/cranidos.png', 408, 4),
('Rampardos', 'Rock', '', 495, 97, 165, 60, 65, 50, 58, 'https://img.pokemondb.net/artwork/rampardos.jpg', 'https://img.pokemondb.net/sprites/sword-shield/icon/rampardos.png', 409, 4),
('Shieldon', 'Rock', 'Steel', 350, 30, 42, 118, 42, 88, 30, 'https://img.pokemondb.net/artwork/shieldon.jpg', 'https://img.pokemondb.net/sprites/sword-shield/icon/shieldon.png', 410, 4),
('Bastiodon', 'Rock', 'Steel', 495, 60, 52, 168, 47, 138, 30, 'https://img.pokemondb.net/artwork/bastiodon.jpg', 'https://img.pokemondb.net/sprites/sword-shield/icon/bastiodon.png', 411, 4),
('Burmy', 'Bug', '', 224, 40, 29, 45, 29, 45, 36, 'https://img.pokemondb.net/artwork/burmy.jpg', 'https://img.pokemondb.net/sprites/sword-shield/icon/burmy.png', 412, 4),
('Wormadam', 'Bug', 'Grass', 424, 60, 59, 85, 79, 105, 36, 'https://img.pokemondb.net/artwork/wormadam.jpg', 'https://img.pokemondb.net/sprites/sword-shield/icon/wormadam-plant.png', 413, 4),
('Mothim', 'Bug', 'Flying', 424, 70, 94, 50, 94, 50, 66, 'https://img.pokemondb.net/artwork/mothim.jpg', 'https://img.pokemondb.net/sprites/sword-shield/icon/mothim.png', 414, 4),
('Combee', 'Bug', 'Flying', 244, 30, 30, 42, 30, 42, 70, 'https://img.pokemondb.net/artwork/combee.jpg', 'https://img.pokemondb.net/sprites/sword-shield/icon/combee.png', 415, 4),
('Vespiquen', 'Bug', 'Flying', 474, 70, 80, 102, 80, 102, 40, 'https://img.pokemondb.net/artwork/vespiquen.jpg', 'https://img.pokemondb.net/sprites/sword-shield/icon/vespiquen.png', 416, 4),
('Pachirisu', 'Electric', '', 405, 60, 45, 70, 45, 90, 95, 'https://img.pokemondb.net/artwork/pachirisu.jpg', 'https://img.pokemondb.net/sprites/sword-shield/icon/pachirisu.png', 417, 4),
('Buizel', 'Water', '', 330, 55, 65, 35, 60, 30, 85, 'https://img.pokemondb.net/artwork/buizel.jpg', 'https://img.pokemondb.net/sprites/sword-shield/icon/buizel.png', 418, 4),
('Floatzel', 'Water', '', 495, 85, 105, 55, 85, 50, 115, 'https://img.pokemondb.net/artwork/floatzel.jpg', 'https://img.pokemondb.net/sprites/sword-shield/icon/floatzel.png', 419, 4),
('Cherubi', 'Grass', '', 275, 45, 35, 45, 62, 53, 35, 'https://img.pokemondb.net/artwork/cherubi.jpg', 'https://img.pokemondb.net/sprites/sword-shield/icon/cherubi.png', 420, 4),
('Cherrim', 'Grass', '', 450, 70, 60, 70, 87, 78, 85, 'https://img.pokemondb.net/artwork/cherrim.jpg', 'https://img.pokemondb.net/sprites/sword-shield/icon/cherrim.png', 421, 4),
('Shellos', 'Water', '', 325, 76, 48, 48, 57, 62, 34, 'https://img.pokemondb.net/artwork/shellos.jpg', 'https://img.pokemondb.net/sprites/sword-shield/icon/shellos.png', 422, 4),
('Gastrodon', 'Water', 'Ground', 475, 111, 83, 68, 92, 82, 39, 'https://img.pokemondb.net/artwork/gastrodon.jpg', 'https://img.pokemondb.net/sprites/sword-shield/icon/gastrodon.png', 423, 4),
('Ambipom', 'Normal', '', 482, 75, 100, 66, 60, 66, 115, 'https://img.pokemondb.net/artwork/ambipom.jpg', 'https://img.pokemondb.net/sprites/sword-shield/icon/ambipom.png', 424, 4),
('Drifloon', 'Ghost', 'Flying', 348, 90, 50, 34, 60, 44, 70, 'https://img.pokemondb.net/artwork/drifloon.jpg', 'https://img.pokemondb.net/sprites/sword-shield/icon/drifloon.png', 425, 4),
('Drifblim', 'Ghost', 'Flying', 498, 150, 80, 44, 90, 54, 80, 'https://img.pokemondb.net/artwork/drifblim.jpg', 'https://img.pokemondb.net/sprites/sword-shield/icon/drifblim.png', 426, 4),
('Buneary', 'Normal', '', 350, 55, 66, 44, 44, 56, 85, 'https://img.pokemondb.net/artwork/buneary.jpg', 'https://img.pokemondb.net/sprites/sword-shield/icon/buneary.png', 427, 4),
('Lopunny', 'Normal', '', 480, 65, 76, 84, 54, 96, 105, 'https://img.pokemondb.net/artwork/lopunny.jpg', 'https://img.pokemondb.net/sprites/sword-shield/icon/lopunny.png', 428, 4),
('Mismagius', 'Ghost', '', 495, 60, 60, 60, 105, 105, 105, 'https://img.pokemondb.net/artwork/mismagius.jpg', 'https://img.pokemondb.net/sprites/sword-shield/icon/mismagius.png', 429, 4),
('Honchkrow', 'Dark', 'Flying', 505, 100, 125, 52, 105, 52, 71, 'https://img.pokemondb.net/artwork/honchkrow.jpg', 'https://img.pokemondb.net/sprites/sword-shield/icon/honchkrow.png', 430, 4),
('Glameow', 'Normal', '', 310, 49, 55, 42, 42, 37, 85, 'https://img.pokemondb.net/artwork/glameow.jpg', 'https://img.pokemondb.net/sprites/sword-shield/icon/glameow.png', 431, 4),
('Purugly', 'Normal', '', 452, 71, 82, 64, 64, 59, 112, 'https://img.pokemondb.net/artwork/purugly.jpg', 'https://img.pokemondb.net/sprites/sword-shield/icon/purugly.png', 432, 4),
('Chingling', 'Psychic', '', 285, 45, 30, 50, 65, 50, 45, 'https://img.pokemondb.net/artwork/chingling.jpg', 'https://img.pokemondb.net/sprites/sword-shield/icon/chingling.png', 433, 4),
('Stunky', 'Poison', 'Dark', 329, 63, 63, 47, 41, 41, 74, 'https://img.pokemondb.net/artwork/stunky.jpg', 'https://img.pokemondb.net/sprites/sword-shield/icon/stunky.png', 434, 4),
('Skuntank', 'Poison', 'Dark', 479, 103, 93, 67, 71, 61, 84, 'https://img.pokemondb.net/artwork/skuntank.jpg', 'https://img.pokemondb.net/sprites/sword-shield/icon/skuntank.png', 435, 4),
('Bronzor', 'Steel', 'Psychic', 300, 57, 24, 86, 24, 86, 23, 'https://img.pokemondb.net/artwork/bronzor.jpg', 'https://img.pokemondb.net/sprites/sword-shield/icon/bronzor.png', 436, 4),
('Bronzong', 'Steel', 'Psychic', 500, 67, 89, 116, 79, 116, 33, 'https://img.pokemondb.net/artwork/bronzong.jpg', 'https://img.pokemondb.net/sprites/sword-shield/icon/bronzong.png', 437, 4),
('Bonsly', 'Rock', '', 290, 50, 80, 95, 10, 45, 10, 'https://img.pokemondb.net/artwork/bonsly.jpg', 'https://img.pokemondb.net/sprites/sword-shield/icon/bonsly.png', 438, 4),
('Mime Jr.', 'Psychic', 'Fairy', 310, 20, 25, 45, 70, 90, 60, 'https://img.pokemondb.net/artwork/mime-jr.jpg', 'https://img.pokemondb.net/sprites/sword-shield/icon/mime-jr.png', 439, 4),
('Happiny', 'Normal', '', 220, 100, 5, 5, 15, 65, 30, 'https://img.pokemondb.net/artwork/happiny.jpg', 'https://img.pokemondb.net/sprites/sword-shield/icon/happiny.png', 440, 4),
('Chatot', 'Normal', 'Flying', 411, 76, 65, 45, 92, 42, 91, 'https://img.pokemondb.net/artwork/chatot.jpg', 'https://img.pokemondb.net/sprites/sword-shield/icon/chatot.png', 441, 4),
('Spiritomb', 'Ghost', 'Dark', 485, 50, 92, 108, 92, 108, 35, 'https://img.pokemondb.net/artwork/spiritomb.jpg', 'https://img.pokemondb.net/sprites/sword-shield/icon/spiritomb.png', 442, 4),
('Gible', 'Dragon', 'Ground', 300, 58, 70, 45, 40, 45, 42, 'https://img.pokemondb.net/artwork/gible.jpg', 'https://img.pokemondb.net/sprites/sword-shield/icon/gible.png', 443, 4),
('Gabite', 'Dragon', 'Ground', 410, 68, 90, 65, 50, 55, 82, 'https://img.pokemondb.net/artwork/gabite.jpg', 'https://img.pokemondb.net/sprites/sword-shield/icon/gabite.png', 444, 4),
('Garchomp', 'Dragon', 'Ground', 600, 108, 130, 95, 80, 85, 102, 'https://img.pokemondb.net/artwork/garchomp.jpg', 'https://img.pokemondb.net/sprites/sword-shield/icon/garchomp.png', 445, 4),
('Munchlax', 'Normal', '', 390, 135, 85, 40, 40, 85, 5, 'https://img.pokemondb.net/artwork/munchlax.jpg', 'https://img.pokemondb.net/sprites/sword-shield/icon/munchlax.png', 446, 4),
('Riolu', 'Fighting', '', 285, 40, 70, 40, 35, 40, 60, 'https://img.pokemondb.net/artwork/riolu.jpg', 'https://img.pokemondb.net/sprites/sword-shield/icon/riolu.png', 447, 4),
('Lucario', 'Fighting', 'Steel', 525, 70, 110, 70, 115, 70, 90, 'https://img.pokemondb.net/artwork/lucario.jpg', 'https://img.pokemondb.net/sprites/sword-shield/icon/lucario.png', 448, 4),
('Hippopotas', 'Ground', '', 330, 68, 72, 78, 38, 42, 32, 'https://img.pokemondb.net/artwork/hippopotas.jpg', 'https://img.pokemondb.net/sprites/sword-shield/icon/hippopotas.png', 449, 4),
('Hippowdon', 'Ground', '', 525, 108, 112, 118, 68, 72, 47, 'https://img.pokemondb.net/artwork/hippowdon.jpg', 'https://img.pokemondb.net/sprites/sword-shield/icon/hippowdon.png', 450, 4),
('Skorupi', 'Poison', 'Bug', 330, 40, 50, 90, 30, 55, 65, 'https://img.pokemondb.net/artwork/skorupi.jpg', 'https://img.pokemondb.net/sprites/sword-shield/icon/skorupi.png', 451, 4),
('Drapion', 'Poison', 'Dark', 500, 70, 90, 110, 60, 75, 95, 'https://img.pokemondb.net/artwork/drapion.jpg', 'https://img.pokemondb.net/sprites/sword-shield/icon/drapion.png', 452, 4),
('Croagunk', 'Poison', 'Fighting', 300, 48, 61, 40, 61, 40, 50, 'https://img.pokemondb.net/artwork/croagunk.jpg', 'https://img.pokemondb.net/sprites/sword-shield/icon/croagunk.png', 453, 4),
('Toxicroak', 'Poison', 'Fighting', 490, 83, 106, 65, 86, 65, 85, 'https://img.pokemondb.net/artwork/toxicroak.jpg', 'https://img.pokemondb.net/sprites/sword-shield/icon/toxicroak.png', 454, 4),
('Carnivine', 'Grass', '', 454, 74, 100, 72, 90, 72, 46, 'https://img.pokemondb.net/artwork/carnivine.jpg', 'https://img.pokemondb.net/sprites/sword-shield/icon/carnivine.png', 455, 4),
('Finneon', 'Water', '', 330, 49, 49, 56, 49, 61, 66, 'https://img.pokemondb.net/artwork/finneon.jpg', 'https://img.pokemondb.net/sprites/sword-shield/icon/finneon.png', 456, 4),
('Lumineon', 'Water', '', 460, 69, 69, 76, 69, 86, 91, 'https://img.pokemondb.net/artwork/lumineon.jpg', 'https://img.pokemondb.net/sprites/sword-shield/icon/lumineon.png', 457, 4),
('Mantyke', 'Water', 'Flying', 345, 45, 20, 50, 60, 120, 50, 'https://img.pokemondb.net/artwork/mantyke.jpg', 'https://img.pokemondb.net/sprites/sword-shield/icon/mantyke.png', 458, 4),
('Snover', 'Grass', 'Ice', 334, 60, 62, 50, 62, 60, 40, 'https://img.pokemondb.net/artwork/snover.jpg', 'https://img.pokemondb.net/sprites/sword-shield/icon/snover.png', 459, 4),
('Abomasnow', 'Grass', 'Ice', 494, 90, 92, 75, 92, 85, 60, 'https://img.pokemondb.net/artwork/abomasnow.jpg', 'https://img.pokemondb.net/sprites/sword-shield/icon/abomasnow.png', 460, 4),
('Weavile', 'Dark', 'Ice', 510, 70, 120, 65, 45, 85, 125, 'https://img.pokemondb.net/artwork/weavile.jpg', 'https://img.pokemondb.net/sprites/sword-shield/icon/weavile.png', 461, 4),
('Magnezone', 'Electric', 'Steel', 535, 70, 70, 115, 130, 90, 60, 'https://img.pokemondb.net/artwork/magnezone.jpg', 'https://img.pokemondb.net/sprites/sword-shield/icon/magnezone.png', 462, 4),
('Lickilicky', 'Normal', '', 515, 110, 85, 95, 80, 95, 50, 'https://img.pokemondb.net/artwork/lickilicky.jpg', 'https://img.pokemondb.net/sprites/sword-shield/icon/lickilicky.png', 463, 4),
('Rhyperior', 'Ground', 'Rock', 535, 115, 140, 130, 55, 55, 40, 'https://img.pokemondb.net/artwork/rhyperior.jpg', 'https://img.pokemondb.net/sprites/sword-shield/icon/rhyperior.png', 464, 4),
('Tangrowth', 'Grass', '', 535, 100, 100, 125, 110, 50, 50, 'https://img.pokemondb.net/artwork/tangrowth.jpg', 'https://img.pokemondb.net/sprites/sword-shield/icon/tangrowth.png', 465, 4),
('Electivire', 'Electric', '', 540, 75, 123, 67, 95, 85, 95, 'https://img.pokemondb.net/artwork/electivire.jpg', 'https://img.pokemondb.net/sprites/sword-shield/icon/electivire.png', 466, 4),
('Magmortar', 'Fire', '', 540, 75, 95, 67, 125, 95, 83, 'https://img.pokemondb.net/artwork/magmortar.jpg', 'https://img.pokemondb.net/sprites/sword-shield/icon/magmortar.png', 467, 4),
('Togekiss', 'Fairy', 'Flying', 545, 85, 50, 95, 120, 115, 80, 'https://img.pokemondb.net/artwork/togekiss.jpg', 'https://img.pokemondb.net/sprites/sword-shield/icon/togekiss.png', 468, 4),
('Yanmega', 'Bug', 'Flying', 515, 86, 76, 86, 116, 56, 95, 'https://img.pokemondb.net/artwork/yanmega.jpg', 'https://img.pokemondb.net/sprites/sword-shield/icon/yanmega.png', 469, 4),
('Leafeon', 'Grass', '', 525, 65, 110, 130, 60, 65, 95, 'https://img.pokemondb.net/artwork/leafeon.jpg', 'https://img.pokemondb.net/sprites/sword-shield/icon/leafeon.png', 470, 4),
('Glaceon', 'Ice', '', 525, 65, 60, 110, 130, 95, 65, 'https://img.pokemondb.net/artwork/glaceon.jpg', 'https://img.pokemondb.net/sprites/sword-shield/icon/glaceon.png', 471, 4),
('Gliscor', 'Ground', 'Flying', 510, 75, 95, 125, 45, 75, 95, 'https://img.pokemondb.net/artwork/gliscor.jpg', 'https://img.pokemondb.net/sprites/sword-shield/icon/gliscor.png', 472, 4),
('Mamoswine', 'Ice', 'Ground', 530, 110, 130, 80, 70, 60, 80, 'https://img.pokemondb.net/artwork/mamoswine.jpg', 'https://img.pokemondb.net/sprites/sword-shield/icon/mamoswine.png', 473, 4),
('Porygon-Z', 'Normal', '', 535, 85, 80, 70, 135, 75, 90, 'https://img.pokemondb.net/artwork/porygon-z.jpg', 'https://img.pokemondb.net/sprites/sword-shield/icon/porygon-z.png', 474, 4),
('Gallade', 'Psychic', 'Fighting', 518, 68, 125, 65, 65, 115, 80, 'https://img.pokemondb.net/artwork/gallade.jpg', 'https://img.pokemondb.net/sprites/sword-shield/icon/gallade.png', 475, 4),
('Probopass', 'Rock', 'Steel', 525, 60, 55, 145, 75, 150, 40, 'https://img.pokemondb.net/artwork/probopass.jpg', 'https://img.pokemondb.net/sprites/sword-shield/icon/probopass.png', 476, 4),
('Dusknoir', 'Ghost', '', 525, 45, 100, 135, 65, 135, 45, 'https://img.pokemondb.net/artwork/dusknoir.jpg', 'https://img.pokemondb.net/sprites/sword-shield/icon/dusknoir.png', 477, 4),
('Froslass', 'Ice', 'Ghost', 480, 70, 80, 70, 80, 70, 110, 'https://img.pokemondb.net/artwork/froslass.jpg', 'https://img.pokemondb.net/sprites/sword-shield/icon/froslass.png', 478, 4),
('Rotom', 'Electric', 'Ghost', 440, 50, 50, 77, 95, 77, 91, 'https://img.pokemondb.net/artwork/rotom.jpg', 'https://img.pokemondb.net/sprites/sword-shield/icon/rotom.png', 479, 4),
('Uxie', 'Psychic', '', 580, 75, 75, 130, 75, 130, 95, 'https://img.pokemondb.net/artwork/uxie.jpg', 'https://img.pokemondb.net/sprites/sword-shield/icon/uxie.png', 480, 4),
('Mesprit', 'Psychic', '', 580, 80, 105, 105, 105, 105, 80, 'https://img.pokemondb.net/artwork/mesprit.jpg', 'https://img.pokemondb.net/sprites/sword-shield/icon/mesprit.png', 481, 4),
('Azelf', 'Psychic', '', 580, 75, 125, 70, 125, 70, 115, 'https://img.pokemondb.net/artwork/azelf.jpg', 'https://img.pokemondb.net/sprites/sword-shield/icon/azelf.png', 482, 4),
('Dialga', 'Steel', 'Dragon', 680, 100, 120, 120, 150, 100, 90, 'https://img.pokemondb.net/artwork/dialga.jpg', 'https://img.pokemondb.net/sprites/sword-shield/icon/dialga.png', 483, 4),
('Palkia', 'Water', 'Dragon', 680, 90, 120, 100, 150, 120, 100, 'https://img.pokemondb.net/artwork/palkia.jpg', 'https://img.pokemondb.net/sprites/sword-shield/icon/palkia.png', 484, 4),
('Heatran', 'Fire', 'Steel', 600, 91, 90, 106, 130, 106, 77, 'https://img.pokemondb.net/artwork/heatran.jpg', 'https://img.pokemondb.net/sprites/sword-shield/icon/heatran.png', 485, 4),
('Regigigas', 'Normal', '', 670, 110, 160, 110, 80, 110, 100, 'https://img.pokemondb.net/artwork/regigigas.jpg', 'https://img.pokemondb.net/sprites/sword-shield/icon/regigigas.png', 486, 4),
('Giratina', 'Ghost', 'Dragon', 680, 150, 100, 120, 100, 120, 90, 'https://img.pokemondb.net/artwork/giratina.jpg', 'https://img.pokemondb.net/sprites/sword-shield/icon/giratina-altered.png', 487, 4),
('Cresselia', 'Psychic', '', 600, 120, 70, 120, 75, 130, 85, 'https://img.pokemondb.net/artwork/cresselia.jpg', 'https://img.pokemondb.net/sprites/sword-shield/icon/cresselia.png', 488, 4),
('Phione', 'Water', '', 480, 80, 80, 80, 80, 80, 80, 'https://img.pokemondb.net/artwork/phione.jpg', 'https://img.pokemondb.net/sprites/sword-shield/icon/phione.png', 489, 4),
('Manaphy', 'Water', '', 600, 100, 100, 100, 100, 100, 100, 'https://img.pokemondb.net/artwork/manaphy.jpg', 'https://img.pokemondb.net/sprites/sword-shield/icon/manaphy.png', 490, 4),
('Darkrai', 'Dark', '', 600, 70, 90, 90, 135, 90, 125, 'https://img.pokemondb.net/artwork/darkrai.jpg', 'https://img.pokemondb.net/sprites/sword-shield/icon/darkrai.png', 491, 4),
('Shaymin', 'Grass', '', 600, 100, 100, 100, 100, 100, 100, 'https://img.pokemondb.net/artwork/shaymin.jpg', 'https://img.pokemondb.net/sprites/sword-shield/icon/shaymin-land.png', 492, 4),
('Arceus', 'Normal', '', 720, 120, 120, 120, 120, 120, 120, 'https://img.pokemondb.net/artwork/arceus.jpg', 'https://img.pokemondb.net/sprites/sword-shield/icon/arceus.png', 493, 4),
('Victini', 'Psychic', 'Fire', 600, 100, 100, 100, 100, 100, 100, 'https://img.pokemondb.net/artwork/victini.jpg', 'https://img.pokemondb.net/sprites/sword-shield/icon/victini.png', 494, 5),
('Snivy', 'Grass', '', 308, 45, 45, 55, 45, 55, 63, 'https://img.pokemondb.net/artwork/snivy.jpg', 'https://img.pokemondb.net/sprites/sword-shield/icon/snivy.png', 495, 5),
('Servine', 'Grass', '', 413, 60, 60, 75, 60, 75, 83, 'https://img.pokemondb.net/artwork/servine.jpg', 'https://img.pokemondb.net/sprites/sword-shield/icon/servine.png', 496, 5),
('Serperior', 'Grass', '', 528, 75, 75, 95, 75, 95, 113, 'https://img.pokemondb.net/artwork/serperior.jpg', 'https://img.pokemondb.net/sprites/sword-shield/icon/serperior.png', 497, 5),
('Tepig', 'Fire', '', 308, 65, 63, 45, 45, 45, 45, 'https://img.pokemondb.net/artwork/tepig.jpg', 'https://img.pokemondb.net/sprites/sword-shield/icon/tepig.png', 498, 5),
('Pignite', 'Fire', 'Fighting', 418, 90, 93, 55, 70, 55, 55, 'https://img.pokemondb.net/artwork/pignite.jpg', 'https://img.pokemondb.net/sprites/sword-shield/icon/pignite.png', 499, 5),
('Emboar', 'Fire', 'Fighting', 528, 110, 123, 65, 100, 65, 65, 'https://img.pokemondb.net/artwork/emboar.jpg', 'https://img.pokemondb.net/sprites/sword-shield/icon/emboar.png', 500, 5),
('Oshawott', 'Water', '', 308, 55, 55, 45, 63, 45, 45, 'https://img.pokemondb.net/artwork/oshawott.jpg', 'https://img.pokemondb.net/sprites/sword-shield/icon/oshawott.png', 501, 5),
('Dewott', 'Water', '', 413, 75, 75, 60, 83, 60, 60, 'https://img.pokemondb.net/artwork/dewott.jpg', 'https://img.pokemondb.net/sprites/sword-shield/icon/dewott.png', 502, 5),
('Samurott', 'Water', '', 528, 95, 100, 85, 108, 70, 70, 'https://img.pokemondb.net/artwork/samurott.jpg', 'https://img.pokemondb.net/sprites/sword-shield/icon/samurott.png', 503, 5),
('Patrat', 'Normal', '', 255, 45, 55, 39, 35, 39, 42, 'https://img.pokemondb.net/artwork/patrat.jpg', 'https://img.pokemondb.net/sprites/sword-shield/icon/patrat.png', 504, 5),
('Watchog', 'Normal', '', 420, 60, 85, 69, 60, 69, 77, 'https://img.pokemondb.net/artwork/watchog.jpg', 'https://img.pokemondb.net/sprites/sword-shield/icon/watchog.png', 505, 5),
('Lillipup', 'Normal', '', 275, 45, 60, 45, 25, 45, 55, 'https://img.pokemondb.net/artwork/lillipup.jpg', 'https://img.pokemondb.net/sprites/sword-shield/icon/lillipup.png', 506, 5),
('Herdier', 'Normal', '', 370, 65, 80, 65, 35, 65, 60, 'https://img.pokemondb.net/artwork/herdier.jpg', 'https://img.pokemondb.net/sprites/sword-shield/icon/herdier.png', 507, 5),
('Stoutland', 'Normal', '', 500, 85, 110, 90, 45, 90, 80, 'https://img.pokemondb.net/artwork/stoutland.jpg', 'https://img.pokemondb.net/sprites/sword-shield/icon/stoutland.png', 508, 5),
('Purrloin', 'Dark', '', 281, 41, 50, 37, 50, 37, 66, 'https://img.pokemondb.net/artwork/purrloin.jpg', 'https://img.pokemondb.net/sprites/sword-shield/icon/purrloin.png', 509, 5),
('Liepard', 'Dark', '', 446, 64, 88, 50, 88, 50, 106, 'https://img.pokemondb.net/artwork/liepard.jpg', 'https://img.pokemondb.net/sprites/sword-shield/icon/liepard.png', 510, 5),
('Pansage', 'Grass', '', 316, 50, 53, 48, 53, 48, 64, 'https://img.pokemondb.net/artwork/pansage.jpg', 'https://img.pokemondb.net/sprites/sword-shield/icon/pansage.png', 511, 5),
('Simisage', 'Grass', '', 498, 75, 98, 63, 98, 63, 101, 'https://img.pokemondb.net/artwork/simisage.jpg', 'https://img.pokemondb.net/sprites/sword-shield/icon/simisage.png', 512, 5),
('Pansear', 'Fire', '', 316, 50, 53, 48, 53, 48, 64, 'https://img.pokemondb.net/artwork/pansear.jpg', 'https://img.pokemondb.net/sprites/sword-shield/icon/pansear.png', 513, 5),
('Simisear', 'Fire', '', 498, 75, 98, 63, 98, 63, 101, 'https://img.pokemondb.net/artwork/simisear.jpg', 'https://img.pokemondb.net/sprites/sword-shield/icon/simisear.png', 514, 5),
('Panpour', 'Water', '', 316, 50, 53, 48, 53, 48, 64, 'https://img.pokemondb.net/artwork/panpour.jpg', 'https://img.pokemondb.net/sprites/sword-shield/icon/panpour.png', 515, 5),
('Simipour', 'Water', '', 498, 75, 98, 63, 98, 63, 101, 'https://img.pokemondb.net/artwork/simipour.jpg', 'https://img.pokemondb.net/sprites/sword-shield/icon/simipour.png', 516, 5),
('Munna', 'Psychic', '', 292, 76, 25, 45, 67, 55, 24, 'https://img.pokemondb.net/artwork/munna.jpg', 'https://img.pokemondb.net/sprites/sword-shield/icon/munna.png', 517, 5),
('Musharna', 'Psychic', '', 487, 116, 55, 85, 107, 95, 29, 'https://img.pokemondb.net/artwork/musharna.jpg', 'https://img.pokemondb.net/sprites/sword-shield/icon/musharna.png', 518, 5),
('Pidove', 'Normal', 'Flying', 264, 50, 55, 50, 36, 30, 43, 'https://img.pokemondb.net/artwork/pidove.jpg', 'https://img.pokemondb.net/sprites/sword-shield/icon/pidove.png', 519, 5),
('Tranquill', 'Normal', 'Flying', 358, 62, 77, 62, 50, 42, 65, 'https://img.pokemondb.net/artwork/tranquill.jpg', 'https://img.pokemondb.net/sprites/sword-shield/icon/tranquill.png', 520, 5),
('Unfezant', 'Normal', 'Flying', 488, 80, 115, 80, 65, 55, 93, 'https://img.pokemondb.net/artwork/unfezant.jpg', 'https://img.pokemondb.net/sprites/sword-shield/icon/unfezant.png', 521, 5),
('Blitzle', 'Electric', '', 295, 45, 60, 32, 50, 32, 76, 'https://img.pokemondb.net/artwork/blitzle.jpg', 'https://img.pokemondb.net/sprites/sword-shield/icon/blitzle.png', 522, 5),
('Zebstrika', 'Electric', '', 497, 75, 100, 63, 80, 63, 116, 'https://img.pokemondb.net/artwork/zebstrika.jpg', 'https://img.pokemondb.net/sprites/sword-shield/icon/zebstrika.png', 523, 5),
('Roggenrola', 'Rock', '', 280, 55, 75, 85, 25, 25, 15, 'https://img.pokemondb.net/artwork/roggenrola.jpg', 'https://img.pokemondb.net/sprites/sword-shield/icon/roggenrola.png', 524, 5),
('Boldore', 'Rock', '', 390, 70, 105, 105, 50, 40, 20, 'https://img.pokemondb.net/artwork/boldore.jpg', 'https://img.pokemondb.net/sprites/sword-shield/icon/boldore.png', 525, 5),
('Gigalith', 'Rock', '', 515, 85, 135, 130, 60, 80, 25, 'https://img.pokemondb.net/artwork/gigalith.jpg', 'https://img.pokemondb.net/sprites/sword-shield/icon/gigalith.png', 526, 5),
('Woobat', 'Psychic', 'Flying', 323, 65, 45, 43, 55, 43, 72, 'https://img.pokemondb.net/artwork/woobat.jpg', 'https://img.pokemondb.net/sprites/sword-shield/icon/woobat.png', 527, 5),
('Swoobat', 'Psychic', 'Flying', 425, 67, 57, 55, 77, 55, 114, 'https://img.pokemondb.net/artwork/swoobat.jpg', 'https://img.pokemondb.net/sprites/sword-shield/icon/swoobat.png', 528, 5),
('Drilbur', 'Ground', '', 328, 60, 85, 40, 30, 45, 68, 'https://img.pokemondb.net/artwork/drilbur.jpg', 'https://img.pokemondb.net/sprites/sword-shield/icon/drilbur.png', 529, 5),
('Excadrill', 'Ground', 'Steel', 508, 110, 135, 60, 50, 65, 88, 'https://img.pokemondb.net/artwork/excadrill.jpg', 'https://img.pokemondb.net/sprites/sword-shield/icon/excadrill.png', 530, 5),
('Audino', 'Normal', '', 445, 103, 60, 86, 60, 86, 50, 'https://img.pokemondb.net/artwork/audino.jpg', 'https://img.pokemondb.net/sprites/sword-shield/icon/audino.png', 531, 5),
('Timburr', 'Fighting', '', 305, 75, 80, 55, 25, 35, 35, 'https://img.pokemondb.net/artwork/timburr.jpg', 'https://img.pokemondb.net/sprites/sword-shield/icon/timburr.png', 532, 5),
('Gurdurr', 'Fighting', '', 405, 85, 105, 85, 40, 50, 40, 'https://img.pokemondb.net/artwork/gurdurr.jpg', 'https://img.pokemondb.net/sprites/sword-shield/icon/gurdurr.png', 533, 5),
('Conkeldurr', 'Fighting', '', 505, 105, 140, 95, 55, 65, 45, 'https://img.pokemondb.net/artwork/conkeldurr.jpg', 'https://img.pokemondb.net/sprites/sword-shield/icon/conkeldurr.png', 534, 5),
('Tympole', 'Water', '', 294, 50, 50, 40, 50, 40, 64, 'https://img.pokemondb.net/artwork/tympole.jpg', 'https://img.pokemondb.net/sprites/sword-shield/icon/tympole.png', 535, 5),
('Palpitoad', 'Water', 'Ground', 384, 75, 65, 55, 65, 55, 69, 'https://img.pokemondb.net/artwork/palpitoad.jpg', 'https://img.pokemondb.net/sprites/sword-shield/icon/palpitoad.png', 536, 5),
('Seismitoad', 'Water', 'Ground', 509, 105, 95, 75, 85, 75, 74, 'https://img.pokemondb.net/artwork/seismitoad.jpg', 'https://img.pokemondb.net/sprites/sword-shield/icon/seismitoad.png', 537, 5),
('Throh', 'Fighting', '', 465, 120, 100, 85, 30, 85, 45, 'https://img.pokemondb.net/artwork/throh.jpg', 'https://img.pokemondb.net/sprites/sword-shield/icon/throh.png', 538, 5),
('Sawk', 'Fighting', '', 465, 75, 125, 75, 30, 75, 85, 'https://img.pokemondb.net/artwork/sawk.jpg', 'https://img.pokemondb.net/sprites/sword-shield/icon/sawk.png', 539, 5),
('Sewaddle', 'Bug', 'Grass', 310, 45, 53, 70, 40, 60, 42, 'https://img.pokemondb.net/artwork/sewaddle.jpg', 'https://img.pokemondb.net/sprites/sword-shield/icon/sewaddle.png', 540, 5),
('Swadloon', 'Bug', 'Grass', 380, 55, 63, 90, 50, 80, 42, 'https://img.pokemondb.net/artwork/swadloon.jpg', 'https://img.pokemondb.net/sprites/sword-shield/icon/swadloon.png', 541, 5),
('Leavanny', 'Bug', 'Grass', 500, 75, 103, 80, 70, 80, 92, 'https://img.pokemondb.net/artwork/leavanny.jpg', 'https://img.pokemondb.net/sprites/sword-shield/icon/leavanny.png', 542, 5),
('Venipede', 'Bug', 'Poison', 260, 30, 45, 59, 30, 39, 57, 'https://img.pokemondb.net/artwork/venipede.jpg', 'https://img.pokemondb.net/sprites/sword-shield/icon/venipede.png', 543, 5),
('Whirlipede', 'Bug', 'Poison', 360, 40, 55, 99, 40, 79, 47, 'https://img.pokemondb.net/artwork/whirlipede.jpg', 'https://img.pokemondb.net/sprites/sword-shield/icon/whirlipede.png', 544, 5),
('Scolipede', 'Bug', 'Poison', 485, 60, 100, 89, 55, 69, 112, 'https://img.pokemondb.net/artwork/scolipede.jpg', 'https://img.pokemondb.net/sprites/sword-shield/icon/scolipede.png', 545, 5),
('Cottonee', 'Grass', 'Fairy', 280, 40, 27, 60, 37, 50, 66, 'https://img.pokemondb.net/artwork/cottonee.jpg', 'https://img.pokemondb.net/sprites/sword-shield/icon/cottonee.png', 546, 5),
('Whimsicott', 'Grass', 'Fairy', 480, 60, 67, 85, 77, 75, 116, 'https://img.pokemondb.net/artwork/whimsicott.jpg', 'https://img.pokemondb.net/sprites/sword-shield/icon/whimsicott.png', 547, 5),
('Petilil', 'Grass', '', 280, 45, 35, 50, 70, 50, 30, 'https://img.pokemondb.net/artwork/petilil.jpg', 'https://img.pokemondb.net/sprites/sword-shield/icon/petilil.png', 548, 5);
INSERT INTO `csv` (`name`, `type1`, `type2`, `total`, `hp`, `attack`, `defense`, `special_attack`, `special_defense`, `speed`, `image`, `icon`, `id`, `generation`) VALUES
('Lilligant', 'Grass', '', 480, 70, 60, 75, 110, 75, 90, 'https://img.pokemondb.net/artwork/lilligant.jpg', 'https://img.pokemondb.net/sprites/sword-shield/icon/lilligant.png', 549, 5),
('Basculin', 'Water', '', 460, 70, 92, 65, 80, 55, 98, 'https://img.pokemondb.net/artwork/basculin.jpg', 'https://img.pokemondb.net/sprites/sword-shield/icon/basculin-red-striped.png', 550, 5),
('Sandile', 'Ground', 'Dark', 292, 50, 72, 35, 35, 35, 65, 'https://img.pokemondb.net/artwork/sandile.jpg', 'https://img.pokemondb.net/sprites/sword-shield/icon/sandile.png', 551, 5),
('Krokorok', 'Ground', 'Dark', 351, 60, 82, 45, 45, 45, 74, 'https://img.pokemondb.net/artwork/krokorok.jpg', 'https://img.pokemondb.net/sprites/sword-shield/icon/krokorok.png', 552, 5),
('Krookodile', 'Ground', 'Dark', 519, 95, 117, 80, 65, 70, 92, 'https://img.pokemondb.net/artwork/krookodile.jpg', 'https://img.pokemondb.net/sprites/sword-shield/icon/krookodile.png', 553, 5),
('Darumaka', 'Fire', '', 315, 70, 90, 45, 15, 45, 50, 'https://img.pokemondb.net/artwork/darumaka.jpg', 'https://img.pokemondb.net/sprites/sword-shield/icon/darumaka.png', 554, 5),
('Darmanitan', 'Fire', '', 480, 105, 140, 55, 30, 55, 95, 'https://img.pokemondb.net/artwork/darmanitan.jpg', 'https://img.pokemondb.net/sprites/sword-shield/icon/darmanitan-standard.png', 555, 5),
('Maractus', 'Grass', '', 461, 75, 86, 67, 106, 67, 60, 'https://img.pokemondb.net/artwork/maractus.jpg', 'https://img.pokemondb.net/sprites/sword-shield/icon/maractus.png', 556, 5),
('Dwebble', 'Bug', 'Rock', 325, 50, 65, 85, 35, 35, 55, 'https://img.pokemondb.net/artwork/dwebble.jpg', 'https://img.pokemondb.net/sprites/sword-shield/icon/dwebble.png', 557, 5),
('Crustle', 'Bug', 'Rock', 485, 70, 105, 125, 65, 75, 45, 'https://img.pokemondb.net/artwork/crustle.jpg', 'https://img.pokemondb.net/sprites/sword-shield/icon/crustle.png', 558, 5),
('Scraggy', 'Dark', 'Fighting', 348, 50, 75, 70, 35, 70, 48, 'https://img.pokemondb.net/artwork/scraggy.jpg', 'https://img.pokemondb.net/sprites/sword-shield/icon/scraggy.png', 559, 5),
('Scrafty', 'Dark', 'Fighting', 488, 65, 90, 115, 45, 115, 58, 'https://img.pokemondb.net/artwork/scrafty.jpg', 'https://img.pokemondb.net/sprites/sword-shield/icon/scrafty.png', 560, 5),
('Sigilyph', 'Psychic', 'Flying', 490, 72, 58, 80, 103, 80, 97, 'https://img.pokemondb.net/artwork/sigilyph.jpg', 'https://img.pokemondb.net/sprites/sword-shield/icon/sigilyph.png', 561, 5),
('Yamask', 'Ghost', '', 303, 38, 30, 85, 55, 65, 30, 'https://img.pokemondb.net/artwork/yamask.jpg', 'https://img.pokemondb.net/sprites/sword-shield/icon/yamask.png', 562, 5),
('Cofagrigus', 'Ghost', '', 483, 58, 50, 145, 95, 105, 30, 'https://img.pokemondb.net/artwork/cofagrigus.jpg', 'https://img.pokemondb.net/sprites/sword-shield/icon/cofagrigus.png', 563, 5),
('Tirtouga', 'Water', 'Rock', 355, 54, 78, 103, 53, 45, 22, 'https://img.pokemondb.net/artwork/tirtouga.jpg', 'https://img.pokemondb.net/sprites/sword-shield/icon/tirtouga.png', 564, 5),
('Carracosta', 'Water', 'Rock', 495, 74, 108, 133, 83, 65, 32, 'https://img.pokemondb.net/artwork/carracosta.jpg', 'https://img.pokemondb.net/sprites/sword-shield/icon/carracosta.png', 565, 5),
('Archen', 'Rock', 'Flying', 401, 55, 112, 45, 74, 45, 70, 'https://img.pokemondb.net/artwork/archen.jpg', 'https://img.pokemondb.net/sprites/sword-shield/icon/archen.png', 566, 5),
('Archeops', 'Rock', 'Flying', 567, 75, 140, 65, 112, 65, 110, 'https://img.pokemondb.net/artwork/archeops.jpg', 'https://img.pokemondb.net/sprites/sword-shield/icon/archeops.png', 567, 5),
('Trubbish', 'Poison', '', 329, 50, 50, 62, 40, 62, 65, 'https://img.pokemondb.net/artwork/trubbish.jpg', 'https://img.pokemondb.net/sprites/sword-shield/icon/trubbish.png', 568, 5),
('Garbodor', 'Poison', '', 474, 80, 95, 82, 60, 82, 75, 'https://img.pokemondb.net/artwork/garbodor.jpg', 'https://img.pokemondb.net/sprites/sword-shield/icon/garbodor.png', 569, 5),
('Zorua', 'Dark', '', 330, 40, 65, 40, 80, 40, 65, 'https://img.pokemondb.net/artwork/zorua.jpg', 'https://img.pokemondb.net/sprites/sword-shield/icon/zorua.png', 570, 5),
('Zoroark', 'Dark', '', 510, 60, 105, 60, 120, 60, 105, 'https://img.pokemondb.net/artwork/zoroark.jpg', 'https://img.pokemondb.net/sprites/sword-shield/icon/zoroark.png', 571, 5),
('Minccino', 'Normal', '', 300, 55, 50, 40, 40, 40, 75, 'https://img.pokemondb.net/artwork/minccino.jpg', 'https://img.pokemondb.net/sprites/sword-shield/icon/minccino.png', 572, 5),
('Cinccino', 'Normal', '', 470, 75, 95, 60, 65, 60, 115, 'https://img.pokemondb.net/artwork/cinccino.jpg', 'https://img.pokemondb.net/sprites/sword-shield/icon/cinccino.png', 573, 5),
('Gothita', 'Psychic', '', 290, 45, 30, 50, 55, 65, 45, 'https://img.pokemondb.net/artwork/gothita.jpg', 'https://img.pokemondb.net/sprites/sword-shield/icon/gothita.png', 574, 5),
('Gothorita', 'Psychic', '', 390, 60, 45, 70, 75, 85, 55, 'https://img.pokemondb.net/artwork/gothorita.jpg', 'https://img.pokemondb.net/sprites/sword-shield/icon/gothorita.png', 575, 5),
('Gothitelle', 'Psychic', '', 490, 70, 55, 95, 95, 110, 65, 'https://img.pokemondb.net/artwork/gothitelle.jpg', 'https://img.pokemondb.net/sprites/sword-shield/icon/gothitelle.png', 576, 5),
('Solosis', 'Psychic', '', 290, 45, 30, 40, 105, 50, 20, 'https://img.pokemondb.net/artwork/solosis.jpg', 'https://img.pokemondb.net/sprites/sword-shield/icon/solosis.png', 577, 5),
('Duosion', 'Psychic', '', 370, 65, 40, 50, 125, 60, 30, 'https://img.pokemondb.net/artwork/duosion.jpg', 'https://img.pokemondb.net/sprites/sword-shield/icon/duosion.png', 578, 5),
('Reuniclus', 'Psychic', '', 490, 110, 65, 75, 125, 85, 30, 'https://img.pokemondb.net/artwork/reuniclus.jpg', 'https://img.pokemondb.net/sprites/sword-shield/icon/reuniclus.png', 579, 5),
('Ducklett', 'Water', 'Flying', 305, 62, 44, 50, 44, 50, 55, 'https://img.pokemondb.net/artwork/ducklett.jpg', 'https://img.pokemondb.net/sprites/sword-shield/icon/ducklett.png', 580, 5),
('Swanna', 'Water', 'Flying', 473, 75, 87, 63, 87, 63, 98, 'https://img.pokemondb.net/artwork/swanna.jpg', 'https://img.pokemondb.net/sprites/sword-shield/icon/swanna.png', 581, 5),
('Vanillite', 'Ice', '', 305, 36, 50, 50, 65, 60, 44, 'https://img.pokemondb.net/artwork/vanillite.jpg', 'https://img.pokemondb.net/sprites/sword-shield/icon/vanillite.png', 582, 5),
('Vanillish', 'Ice', '', 395, 51, 65, 65, 80, 75, 59, 'https://img.pokemondb.net/artwork/vanillish.jpg', 'https://img.pokemondb.net/sprites/sword-shield/icon/vanillish.png', 583, 5),
('Vanilluxe', 'Ice', '', 535, 71, 95, 85, 110, 95, 79, 'https://img.pokemondb.net/artwork/vanilluxe.jpg', 'https://img.pokemondb.net/sprites/sword-shield/icon/vanilluxe.png', 584, 5),
('Deerling', 'Normal', 'Grass', 335, 60, 60, 50, 40, 50, 75, 'https://img.pokemondb.net/artwork/deerling.jpg', 'https://img.pokemondb.net/sprites/sword-shield/icon/deerling.png', 585, 5),
('Sawsbuck', 'Normal', 'Grass', 475, 80, 100, 70, 60, 70, 95, 'https://img.pokemondb.net/artwork/sawsbuck.jpg', 'https://img.pokemondb.net/sprites/sword-shield/icon/sawsbuck.png', 586, 5),
('Emolga', 'Electric', 'Flying', 428, 55, 75, 60, 75, 60, 103, 'https://img.pokemondb.net/artwork/emolga.jpg', 'https://img.pokemondb.net/sprites/sword-shield/icon/emolga.png', 587, 5),
('Karrablast', 'Bug', '', 315, 50, 75, 45, 40, 45, 60, 'https://img.pokemondb.net/artwork/karrablast.jpg', 'https://img.pokemondb.net/sprites/sword-shield/icon/karrablast.png', 588, 5),
('Escavalier', 'Bug', 'Steel', 495, 70, 135, 105, 60, 105, 20, 'https://img.pokemondb.net/artwork/escavalier.jpg', 'https://img.pokemondb.net/sprites/sword-shield/icon/escavalier.png', 589, 5),
('Foongus', 'Grass', 'Poison', 294, 69, 55, 45, 55, 55, 15, 'https://img.pokemondb.net/artwork/foongus.jpg', 'https://img.pokemondb.net/sprites/sword-shield/icon/foongus.png', 590, 5),
('Amoonguss', 'Grass', 'Poison', 464, 114, 85, 70, 85, 80, 30, 'https://img.pokemondb.net/artwork/amoonguss.jpg', 'https://img.pokemondb.net/sprites/sword-shield/icon/amoonguss.png', 591, 5),
('Frillish', 'Water', 'Ghost', 335, 55, 40, 50, 65, 85, 40, 'https://img.pokemondb.net/artwork/frillish.jpg', 'https://img.pokemondb.net/sprites/sword-shield/icon/frillish.png', 592, 5),
('Jellicent', 'Water', 'Ghost', 480, 100, 60, 70, 85, 105, 60, 'https://img.pokemondb.net/artwork/jellicent.jpg', 'https://img.pokemondb.net/sprites/sword-shield/icon/jellicent.png', 593, 5),
('Alomomola', 'Water', '', 470, 165, 75, 80, 40, 45, 65, 'https://img.pokemondb.net/artwork/alomomola.jpg', 'https://img.pokemondb.net/sprites/sword-shield/icon/alomomola.png', 594, 5),
('Joltik', 'Bug', 'Electric', 319, 50, 47, 50, 57, 50, 65, 'https://img.pokemondb.net/artwork/joltik.jpg', 'https://img.pokemondb.net/sprites/sword-shield/icon/joltik.png', 595, 5),
('Galvantula', 'Bug', 'Electric', 472, 70, 77, 60, 97, 60, 108, 'https://img.pokemondb.net/artwork/galvantula.jpg', 'https://img.pokemondb.net/sprites/sword-shield/icon/galvantula.png', 596, 5),
('Ferroseed', 'Grass', 'Steel', 305, 44, 50, 91, 24, 86, 10, 'https://img.pokemondb.net/artwork/ferroseed.jpg', 'https://img.pokemondb.net/sprites/sword-shield/icon/ferroseed.png', 597, 5),
('Ferrothorn', 'Grass', 'Steel', 489, 74, 94, 131, 54, 116, 20, 'https://img.pokemondb.net/artwork/ferrothorn.jpg', 'https://img.pokemondb.net/sprites/sword-shield/icon/ferrothorn.png', 598, 5),
('Klink', 'Steel', '', 300, 40, 55, 70, 45, 60, 30, 'https://img.pokemondb.net/artwork/klink.jpg', 'https://img.pokemondb.net/sprites/sword-shield/icon/klink.png', 599, 5),
('Klang', 'Steel', '', 440, 60, 80, 95, 70, 85, 50, 'https://img.pokemondb.net/artwork/klang.jpg', 'https://img.pokemondb.net/sprites/sword-shield/icon/klang.png', 600, 5),
('Klinklang', 'Steel', '', 520, 60, 100, 115, 70, 85, 90, 'https://img.pokemondb.net/artwork/klinklang.jpg', 'https://img.pokemondb.net/sprites/sword-shield/icon/klinklang.png', 601, 5),
('Tynamo', 'Electric', '', 275, 35, 55, 40, 45, 40, 60, 'https://img.pokemondb.net/artwork/tynamo.jpg', 'https://img.pokemondb.net/sprites/sword-shield/icon/tynamo.png', 602, 5),
('Eelektrik', 'Electric', '', 405, 65, 85, 70, 75, 70, 40, 'https://img.pokemondb.net/artwork/eelektrik.jpg', 'https://img.pokemondb.net/sprites/sword-shield/icon/eelektrik.png', 603, 5),
('Eelektross', 'Electric', '', 515, 85, 115, 80, 105, 80, 50, 'https://img.pokemondb.net/artwork/eelektross.jpg', 'https://img.pokemondb.net/sprites/sword-shield/icon/eelektross.png', 604, 5),
('Elgyem', 'Psychic', '', 335, 55, 55, 55, 85, 55, 30, 'https://img.pokemondb.net/artwork/elgyem.jpg', 'https://img.pokemondb.net/sprites/sword-shield/icon/elgyem.png', 605, 5),
('Beheeyem', 'Psychic', '', 485, 75, 75, 75, 125, 95, 40, 'https://img.pokemondb.net/artwork/beheeyem.jpg', 'https://img.pokemondb.net/sprites/sword-shield/icon/beheeyem.png', 606, 5),
('Litwick', 'Ghost', 'Fire', 275, 50, 30, 55, 65, 55, 20, 'https://img.pokemondb.net/artwork/litwick.jpg', 'https://img.pokemondb.net/sprites/sword-shield/icon/litwick.png', 607, 5),
('Lampent', 'Ghost', 'Fire', 370, 60, 40, 60, 95, 60, 55, 'https://img.pokemondb.net/artwork/lampent.jpg', 'https://img.pokemondb.net/sprites/sword-shield/icon/lampent.png', 608, 5),
('Chandelure', 'Ghost', 'Fire', 520, 60, 55, 90, 145, 90, 80, 'https://img.pokemondb.net/artwork/chandelure.jpg', 'https://img.pokemondb.net/sprites/sword-shield/icon/chandelure.png', 609, 5),
('Axew', 'Dragon', '', 320, 46, 87, 60, 30, 40, 57, 'https://img.pokemondb.net/artwork/axew.jpg', 'https://img.pokemondb.net/sprites/sword-shield/icon/axew.png', 610, 5),
('Fraxure', 'Dragon', '', 410, 66, 117, 70, 40, 50, 67, 'https://img.pokemondb.net/artwork/fraxure.jpg', 'https://img.pokemondb.net/sprites/sword-shield/icon/fraxure.png', 611, 5),
('Haxorus', 'Dragon', '', 540, 76, 147, 90, 60, 70, 97, 'https://img.pokemondb.net/artwork/haxorus.jpg', 'https://img.pokemondb.net/sprites/sword-shield/icon/haxorus.png', 612, 5),
('Cubchoo', 'Ice', '', 305, 55, 70, 40, 60, 40, 40, 'https://img.pokemondb.net/artwork/cubchoo.jpg', 'https://img.pokemondb.net/sprites/sword-shield/icon/cubchoo.png', 613, 5),
('Beartic', 'Ice', '', 505, 95, 130, 80, 70, 80, 50, 'https://img.pokemondb.net/artwork/beartic.jpg', 'https://img.pokemondb.net/sprites/sword-shield/icon/beartic.png', 614, 5),
('Cryogonal', 'Ice', '', 515, 80, 50, 50, 95, 135, 105, 'https://img.pokemondb.net/artwork/cryogonal.jpg', 'https://img.pokemondb.net/sprites/sword-shield/icon/cryogonal.png', 615, 5),
('Shelmet', 'Bug', '', 305, 50, 40, 85, 40, 65, 25, 'https://img.pokemondb.net/artwork/shelmet.jpg', 'https://img.pokemondb.net/sprites/sword-shield/icon/shelmet.png', 616, 5),
('Accelgor', 'Bug', '', 495, 80, 70, 40, 100, 60, 145, 'https://img.pokemondb.net/artwork/accelgor.jpg', 'https://img.pokemondb.net/sprites/sword-shield/icon/accelgor.png', 617, 5),
('Stunfisk', 'Ground', 'Electric', 471, 109, 66, 84, 81, 99, 32, 'https://img.pokemondb.net/artwork/stunfisk.jpg', 'https://img.pokemondb.net/sprites/sword-shield/icon/stunfisk.png', 618, 5),
('Mienfoo', 'Fighting', '', 350, 45, 85, 50, 55, 50, 65, 'https://img.pokemondb.net/artwork/mienfoo.jpg', 'https://img.pokemondb.net/sprites/sword-shield/icon/mienfoo.png', 619, 5),
('Mienshao', 'Fighting', '', 510, 65, 125, 60, 95, 60, 105, 'https://img.pokemondb.net/artwork/mienshao.jpg', 'https://img.pokemondb.net/sprites/sword-shield/icon/mienshao.png', 620, 5),
('Druddigon', 'Dragon', '', 485, 77, 120, 90, 60, 90, 48, 'https://img.pokemondb.net/artwork/druddigon.jpg', 'https://img.pokemondb.net/sprites/sword-shield/icon/druddigon.png', 621, 5),
('Golett', 'Ground', 'Ghost', 303, 59, 74, 50, 35, 50, 35, 'https://img.pokemondb.net/artwork/golett.jpg', 'https://img.pokemondb.net/sprites/sword-shield/icon/golett.png', 622, 5),
('Golurk', 'Ground', 'Ghost', 483, 89, 124, 80, 55, 80, 55, 'https://img.pokemondb.net/artwork/golurk.jpg', 'https://img.pokemondb.net/sprites/sword-shield/icon/golurk.png', 623, 5),
('Pawniard', 'Dark', 'Steel', 340, 45, 85, 70, 40, 40, 60, 'https://img.pokemondb.net/artwork/pawniard.jpg', 'https://img.pokemondb.net/sprites/sword-shield/icon/pawniard.png', 624, 5),
('Bisharp', 'Dark', 'Steel', 490, 65, 125, 100, 60, 70, 70, 'https://img.pokemondb.net/artwork/bisharp.jpg', 'https://img.pokemondb.net/sprites/sword-shield/icon/bisharp.png', 625, 5),
('Bouffalant', 'Normal', '', 490, 95, 110, 95, 40, 95, 55, 'https://img.pokemondb.net/artwork/bouffalant.jpg', 'https://img.pokemondb.net/sprites/sword-shield/icon/bouffalant.png', 626, 5),
('Rufflet', 'Normal', 'Flying', 350, 70, 83, 50, 37, 50, 60, 'https://img.pokemondb.net/artwork/rufflet.jpg', 'https://img.pokemondb.net/sprites/sword-shield/icon/rufflet.png', 627, 5),
('Braviary', 'Normal', 'Flying', 510, 100, 123, 75, 57, 75, 80, 'https://img.pokemondb.net/artwork/braviary.jpg', 'https://img.pokemondb.net/sprites/sword-shield/icon/braviary.png', 628, 5),
('Vullaby', 'Dark', 'Flying', 370, 70, 55, 75, 45, 65, 60, 'https://img.pokemondb.net/artwork/vullaby.jpg', 'https://img.pokemondb.net/sprites/sword-shield/icon/vullaby.png', 629, 5),
('Mandibuzz', 'Dark', 'Flying', 510, 110, 65, 105, 55, 95, 80, 'https://img.pokemondb.net/artwork/mandibuzz.jpg', 'https://img.pokemondb.net/sprites/sword-shield/icon/mandibuzz.png', 630, 5),
('Heatmor', 'Fire', '', 484, 85, 97, 66, 105, 66, 65, 'https://img.pokemondb.net/artwork/heatmor.jpg', 'https://img.pokemondb.net/sprites/sword-shield/icon/heatmor.png', 631, 5),
('Durant', 'Bug', 'Steel', 484, 58, 109, 112, 48, 48, 109, 'https://img.pokemondb.net/artwork/durant.jpg', 'https://img.pokemondb.net/sprites/sword-shield/icon/durant.png', 632, 5),
('Deino', 'Dark', 'Dragon', 300, 52, 65, 50, 45, 50, 38, 'https://img.pokemondb.net/artwork/deino.jpg', 'https://img.pokemondb.net/sprites/sword-shield/icon/deino.png', 633, 5),
('Zweilous', 'Dark', 'Dragon', 420, 72, 85, 70, 65, 70, 58, 'https://img.pokemondb.net/artwork/zweilous.jpg', 'https://img.pokemondb.net/sprites/sword-shield/icon/zweilous.png', 634, 5),
('Hydreigon', 'Dark', 'Dragon', 600, 92, 105, 90, 125, 90, 98, 'https://img.pokemondb.net/artwork/hydreigon.jpg', 'https://img.pokemondb.net/sprites/sword-shield/icon/hydreigon.png', 635, 5),
('Larvesta', 'Bug', 'Fire', 360, 55, 85, 55, 50, 55, 60, 'https://img.pokemondb.net/artwork/larvesta.jpg', 'https://img.pokemondb.net/sprites/sword-shield/icon/larvesta.png', 636, 5),
('Volcarona', 'Bug', 'Fire', 550, 85, 60, 65, 135, 105, 100, 'https://img.pokemondb.net/artwork/volcarona.jpg', 'https://img.pokemondb.net/sprites/sword-shield/icon/volcarona.png', 637, 5),
('Cobalion', 'Steel', 'Fighting', 580, 91, 90, 129, 90, 72, 108, 'https://img.pokemondb.net/artwork/cobalion.jpg', 'https://img.pokemondb.net/sprites/sword-shield/icon/cobalion.png', 638, 5),
('Terrakion', 'Rock', 'Fighting', 580, 91, 129, 90, 72, 90, 108, 'https://img.pokemondb.net/artwork/terrakion.jpg', 'https://img.pokemondb.net/sprites/sword-shield/icon/terrakion.png', 639, 5),
('Virizion', 'Grass', 'Fighting', 580, 91, 90, 72, 90, 129, 108, 'https://img.pokemondb.net/artwork/virizion.jpg', 'https://img.pokemondb.net/sprites/sword-shield/icon/virizion.png', 640, 5),
('Tornadus', 'Flying', '', 580, 79, 115, 70, 125, 80, 111, 'https://img.pokemondb.net/artwork/tornadus.jpg', 'https://img.pokemondb.net/sprites/sword-shield/icon/tornadus-incarnate.png', 641, 5),
('Thundurus', 'Electric', 'Flying', 580, 79, 115, 70, 125, 80, 111, 'https://img.pokemondb.net/artwork/thundurus.jpg', 'https://img.pokemondb.net/sprites/sword-shield/icon/thundurus-incarnate.png', 642, 5),
('Reshiram', 'Dragon', 'Fire', 680, 100, 120, 100, 150, 120, 90, 'https://img.pokemondb.net/artwork/reshiram.jpg', 'https://img.pokemondb.net/sprites/sword-shield/icon/reshiram.png', 643, 5),
('Zekrom', 'Dragon', 'Electric', 680, 100, 150, 120, 120, 100, 90, 'https://img.pokemondb.net/artwork/zekrom.jpg', 'https://img.pokemondb.net/sprites/sword-shield/icon/zekrom.png', 644, 5),
('Landorus', 'Ground', 'Flying', 600, 89, 125, 90, 115, 80, 101, 'https://img.pokemondb.net/artwork/landorus.jpg', 'https://img.pokemondb.net/sprites/sword-shield/icon/landorus-incarnate.png', 645, 5),
('Kyurem', 'Dragon', 'Ice', 660, 125, 130, 90, 130, 90, 95, 'https://img.pokemondb.net/artwork/kyurem.jpg', 'https://img.pokemondb.net/sprites/sword-shield/icon/kyurem.png', 646, 5),
('Keldeo', 'Water', 'Fighting', 580, 91, 72, 90, 129, 90, 108, 'https://img.pokemondb.net/artwork/keldeo.jpg', 'https://img.pokemondb.net/sprites/sword-shield/icon/keldeo-ordinary.png', 647, 5),
('Meloetta', 'Normal', 'Psychic', 600, 100, 77, 77, 128, 128, 90, 'https://img.pokemondb.net/artwork/meloetta.jpg', 'https://img.pokemondb.net/sprites/sword-shield/icon/meloetta-aria.png', 648, 5),
('Genesect', 'Bug', 'Steel', 600, 71, 120, 95, 120, 95, 99, 'https://img.pokemondb.net/artwork/genesect.jpg', 'https://img.pokemondb.net/sprites/sword-shield/icon/genesect.png', 649, 5),
('Chespin', 'Grass', '', 313, 56, 61, 65, 48, 45, 38, 'https://img.pokemondb.net/artwork/chespin.jpg', 'https://img.pokemondb.net/sprites/sword-shield/icon/chespin.png', 650, 6),
('Quilladin', 'Grass', '', 405, 61, 78, 95, 56, 58, 57, 'https://img.pokemondb.net/artwork/quilladin.jpg', 'https://img.pokemondb.net/sprites/sword-shield/icon/quilladin.png', 651, 6),
('Chesnaught', 'Grass', 'Fighting', 530, 88, 107, 122, 74, 75, 64, 'https://img.pokemondb.net/artwork/chesnaught.jpg', 'https://img.pokemondb.net/sprites/sword-shield/icon/chesnaught.png', 652, 6),
('Fennekin', 'Fire', '', 307, 40, 45, 40, 62, 60, 60, 'https://img.pokemondb.net/artwork/fennekin.jpg', 'https://img.pokemondb.net/sprites/sword-shield/icon/fennekin.png', 653, 6),
('Braixen', 'Fire', '', 409, 59, 59, 58, 90, 70, 73, 'https://img.pokemondb.net/artwork/braixen.jpg', 'https://img.pokemondb.net/sprites/sword-shield/icon/braixen.png', 654, 6),
('Delphox', 'Fire', 'Psychic', 534, 75, 69, 72, 114, 100, 104, 'https://img.pokemondb.net/artwork/delphox.jpg', 'https://img.pokemondb.net/sprites/sword-shield/icon/delphox.png', 655, 6),
('Froakie', 'Water', '', 314, 41, 56, 40, 62, 44, 71, 'https://img.pokemondb.net/artwork/froakie.jpg', 'https://img.pokemondb.net/sprites/sword-shield/icon/froakie.png', 656, 6),
('Frogadier', 'Water', '', 405, 54, 63, 52, 83, 56, 97, 'https://img.pokemondb.net/artwork/frogadier.jpg', 'https://img.pokemondb.net/sprites/sword-shield/icon/frogadier.png', 657, 6),
('Greninja', 'Water', 'Dark', 530, 72, 95, 67, 103, 71, 122, 'https://img.pokemondb.net/artwork/greninja.jpg', 'https://img.pokemondb.net/sprites/sword-shield/icon/greninja.png', 658, 6),
('Bunnelby', 'Normal', '', 237, 38, 36, 38, 32, 36, 57, 'https://img.pokemondb.net/artwork/bunnelby.jpg', 'https://img.pokemondb.net/sprites/sword-shield/icon/bunnelby.png', 659, 6),
('Diggersby', 'Normal', 'Ground', 423, 85, 56, 77, 50, 77, 78, 'https://img.pokemondb.net/artwork/diggersby.jpg', 'https://img.pokemondb.net/sprites/sword-shield/icon/diggersby.png', 660, 6),
('Fletchling', 'Normal', 'Flying', 278, 45, 50, 43, 40, 38, 62, 'https://img.pokemondb.net/artwork/fletchling.jpg', 'https://img.pokemondb.net/sprites/sword-shield/icon/fletchling.png', 661, 6),
('Fletchinder', 'Fire', 'Flying', 382, 62, 73, 55, 56, 52, 84, 'https://img.pokemondb.net/artwork/fletchinder.jpg', 'https://img.pokemondb.net/sprites/sword-shield/icon/fletchinder.png', 662, 6),
('Talonflame', 'Fire', 'Flying', 499, 78, 81, 71, 74, 69, 126, 'https://img.pokemondb.net/artwork/talonflame.jpg', 'https://img.pokemondb.net/sprites/sword-shield/icon/talonflame.png', 663, 6),
('Scatterbug', 'Bug', '', 200, 38, 35, 40, 27, 25, 35, 'https://img.pokemondb.net/artwork/scatterbug.jpg', 'https://img.pokemondb.net/sprites/sword-shield/icon/scatterbug.png', 664, 6),
('Spewpa', 'Bug', '', 213, 45, 22, 60, 27, 30, 29, 'https://img.pokemondb.net/artwork/spewpa.jpg', 'https://img.pokemondb.net/sprites/sword-shield/icon/spewpa.png', 665, 6),
('Vivillon', 'Bug', 'Flying', 411, 80, 52, 50, 90, 50, 89, 'https://img.pokemondb.net/artwork/vivillon.jpg', 'https://img.pokemondb.net/sprites/sword-shield/icon/vivillon.png', 666, 6),
('Litleo', 'Fire', 'Normal', 369, 62, 50, 58, 73, 54, 72, 'https://img.pokemondb.net/artwork/litleo.jpg', 'https://img.pokemondb.net/sprites/sword-shield/icon/litleo.png', 667, 6),
('Pyroar', 'Fire', 'Normal', 507, 86, 68, 72, 109, 66, 106, 'https://img.pokemondb.net/artwork/pyroar.jpg', 'https://img.pokemondb.net/sprites/sword-shield/icon/pyroar.png', 668, 6),
('Flabébé', 'Fairy', '', 303, 44, 38, 39, 61, 79, 42, 'https://img.pokemondb.net/artwork/flabebe.jpg', 'https://img.pokemondb.net/sprites/sword-shield/icon/flabebe.png', 669, 6),
('Floette', 'Fairy', '', 371, 54, 45, 47, 75, 98, 52, 'https://img.pokemondb.net/artwork/floette.jpg', 'https://img.pokemondb.net/sprites/sword-shield/icon/floette.png', 670, 6),
('Florges', 'Fairy', '', 552, 78, 65, 68, 112, 154, 75, 'https://img.pokemondb.net/artwork/florges.jpg', 'https://img.pokemondb.net/sprites/sword-shield/icon/florges.png', 671, 6),
('Skiddo', 'Grass', '', 350, 66, 65, 48, 62, 57, 52, 'https://img.pokemondb.net/artwork/skiddo.jpg', 'https://img.pokemondb.net/sprites/sword-shield/icon/skiddo.png', 672, 6),
('Gogoat', 'Grass', '', 531, 123, 100, 62, 97, 81, 68, 'https://img.pokemondb.net/artwork/gogoat.jpg', 'https://img.pokemondb.net/sprites/sword-shield/icon/gogoat.png', 673, 6),
('Pancham', 'Fighting', '', 348, 67, 82, 62, 46, 48, 43, 'https://img.pokemondb.net/artwork/pancham.jpg', 'https://img.pokemondb.net/sprites/sword-shield/icon/pancham.png', 674, 6),
('Pangoro', 'Fighting', 'Dark', 495, 95, 124, 78, 69, 71, 58, 'https://img.pokemondb.net/artwork/pangoro.jpg', 'https://img.pokemondb.net/sprites/sword-shield/icon/pangoro.png', 675, 6),
('Furfrou', 'Normal', '', 472, 75, 80, 60, 65, 90, 102, 'https://img.pokemondb.net/artwork/furfrou.jpg', 'https://img.pokemondb.net/sprites/sword-shield/icon/furfrou.png', 676, 6),
('Espurr', 'Psychic', '', 355, 62, 48, 54, 63, 60, 68, 'https://img.pokemondb.net/artwork/espurr.jpg', 'https://img.pokemondb.net/sprites/sword-shield/icon/espurr.png', 677, 6),
('Meowstic', 'Psychic', '', 466, 74, 48, 76, 83, 81, 104, 'https://img.pokemondb.net/artwork/meowstic.jpg', 'https://img.pokemondb.net/sprites/sword-shield/icon/meowstic-male.png', 678, 6),
('Honedge', 'Steel', 'Ghost', 325, 45, 80, 100, 35, 37, 28, 'https://img.pokemondb.net/artwork/honedge.jpg', 'https://img.pokemondb.net/sprites/sword-shield/icon/honedge.png', 679, 6),
('Doublade', 'Steel', 'Ghost', 448, 59, 110, 150, 45, 49, 35, 'https://img.pokemondb.net/artwork/doublade.jpg', 'https://img.pokemondb.net/sprites/sword-shield/icon/doublade.png', 680, 6),
('Aegislash', 'Steel', 'Ghost', 500, 60, 50, 140, 50, 140, 60, 'https://img.pokemondb.net/artwork/aegislash.jpg', 'https://img.pokemondb.net/sprites/sword-shield/icon/aegislash-shield.png', 681, 6),
('Spritzee', 'Fairy', '', 341, 78, 52, 60, 63, 65, 23, 'https://img.pokemondb.net/artwork/spritzee.jpg', 'https://img.pokemondb.net/sprites/sword-shield/icon/spritzee.png', 682, 6),
('Aromatisse', 'Fairy', '', 462, 101, 72, 72, 99, 89, 29, 'https://img.pokemondb.net/artwork/aromatisse.jpg', 'https://img.pokemondb.net/sprites/sword-shield/icon/aromatisse.png', 683, 6),
('Swirlix', 'Fairy', '', 341, 62, 48, 66, 59, 57, 49, 'https://img.pokemondb.net/artwork/swirlix.jpg', 'https://img.pokemondb.net/sprites/sword-shield/icon/swirlix.png', 684, 6),
('Slurpuff', 'Fairy', '', 480, 82, 80, 86, 85, 75, 72, 'https://img.pokemondb.net/artwork/slurpuff.jpg', 'https://img.pokemondb.net/sprites/sword-shield/icon/slurpuff.png', 685, 6),
('Inkay', 'Dark', 'Psychic', 288, 53, 54, 53, 37, 46, 45, 'https://img.pokemondb.net/artwork/inkay.jpg', 'https://img.pokemondb.net/sprites/sword-shield/icon/inkay.png', 686, 6),
('Malamar', 'Dark', 'Psychic', 482, 86, 92, 88, 68, 75, 73, 'https://img.pokemondb.net/artwork/malamar.jpg', 'https://img.pokemondb.net/sprites/sword-shield/icon/malamar.png', 687, 6),
('Binacle', 'Rock', 'Water', 306, 42, 52, 67, 39, 56, 50, 'https://img.pokemondb.net/artwork/binacle.jpg', 'https://img.pokemondb.net/sprites/sword-shield/icon/binacle.png', 688, 6),
('Barbaracle', 'Rock', 'Water', 500, 72, 105, 115, 54, 86, 68, 'https://img.pokemondb.net/artwork/barbaracle.jpg', 'https://img.pokemondb.net/sprites/sword-shield/icon/barbaracle.png', 689, 6),
('Skrelp', 'Poison', 'Water', 320, 50, 60, 60, 60, 60, 30, 'https://img.pokemondb.net/artwork/skrelp.jpg', 'https://img.pokemondb.net/sprites/sword-shield/icon/skrelp.png', 690, 6),
('Dragalge', 'Poison', 'Dragon', 494, 65, 75, 90, 97, 123, 44, 'https://img.pokemondb.net/artwork/dragalge.jpg', 'https://img.pokemondb.net/sprites/sword-shield/icon/dragalge.png', 691, 6),
('Clauncher', 'Water', '', 330, 50, 53, 62, 58, 63, 44, 'https://img.pokemondb.net/artwork/clauncher.jpg', 'https://img.pokemondb.net/sprites/sword-shield/icon/clauncher.png', 692, 6),
('Clawitzer', 'Water', '', 500, 71, 73, 88, 120, 89, 59, 'https://img.pokemondb.net/artwork/clawitzer.jpg', 'https://img.pokemondb.net/sprites/sword-shield/icon/clawitzer.png', 693, 6),
('Helioptile', 'Electric', 'Normal', 289, 44, 38, 33, 61, 43, 70, 'https://img.pokemondb.net/artwork/helioptile.jpg', 'https://img.pokemondb.net/sprites/sword-shield/icon/helioptile.png', 694, 6),
('Heliolisk', 'Electric', 'Normal', 481, 62, 55, 52, 109, 94, 109, 'https://img.pokemondb.net/artwork/heliolisk.jpg', 'https://img.pokemondb.net/sprites/sword-shield/icon/heliolisk.png', 695, 6),
('Tyrunt', 'Rock', 'Dragon', 362, 58, 89, 77, 45, 45, 48, 'https://img.pokemondb.net/artwork/tyrunt.jpg', 'https://img.pokemondb.net/sprites/sword-shield/icon/tyrunt.png', 696, 6),
('Tyrantrum', 'Rock', 'Dragon', 521, 82, 121, 119, 69, 59, 71, 'https://img.pokemondb.net/artwork/tyrantrum.jpg', 'https://img.pokemondb.net/sprites/sword-shield/icon/tyrantrum.png', 697, 6),
('Amaura', 'Rock', 'Ice', 362, 77, 59, 50, 67, 63, 46, 'https://img.pokemondb.net/artwork/amaura.jpg', 'https://img.pokemondb.net/sprites/sword-shield/icon/amaura.png', 698, 6),
('Aurorus', 'Rock', 'Ice', 521, 123, 77, 72, 99, 92, 58, 'https://img.pokemondb.net/artwork/aurorus.jpg', 'https://img.pokemondb.net/sprites/sword-shield/icon/aurorus.png', 699, 6),
('Sylveon', 'Fairy', '', 525, 95, 65, 65, 110, 130, 60, 'https://img.pokemondb.net/artwork/sylveon.jpg', 'https://img.pokemondb.net/sprites/sword-shield/icon/sylveon.png', 700, 6),
('Hawlucha', 'Fighting', 'Flying', 500, 78, 92, 75, 74, 63, 118, 'https://img.pokemondb.net/artwork/hawlucha.jpg', 'https://img.pokemondb.net/sprites/sword-shield/icon/hawlucha.png', 701, 6),
('Dedenne', 'Electric', 'Fairy', 431, 67, 58, 57, 81, 67, 101, 'https://img.pokemondb.net/artwork/dedenne.jpg', 'https://img.pokemondb.net/sprites/sword-shield/icon/dedenne.png', 702, 6),
('Carbink', 'Rock', 'Fairy', 500, 50, 50, 150, 50, 150, 50, 'https://img.pokemondb.net/artwork/carbink.jpg', 'https://img.pokemondb.net/sprites/sword-shield/icon/carbink.png', 703, 6),
('Goomy', 'Dragon', '', 300, 45, 50, 35, 55, 75, 40, 'https://img.pokemondb.net/artwork/goomy.jpg', 'https://img.pokemondb.net/sprites/sword-shield/icon/goomy.png', 704, 6),
('Sliggoo', 'Dragon', '', 452, 68, 75, 53, 83, 113, 60, 'https://img.pokemondb.net/artwork/sliggoo.jpg', 'https://img.pokemondb.net/sprites/sword-shield/icon/sliggoo.png', 705, 6),
('Goodra', 'Dragon', '', 600, 90, 100, 70, 110, 150, 80, 'https://img.pokemondb.net/artwork/goodra.jpg', 'https://img.pokemondb.net/sprites/sword-shield/icon/goodra.png', 706, 6),
('Klefki', 'Steel', 'Fairy', 470, 57, 80, 91, 80, 87, 75, 'https://img.pokemondb.net/artwork/klefki.jpg', 'https://img.pokemondb.net/sprites/sword-shield/icon/klefki.png', 707, 6),
('Phantump', 'Ghost', 'Grass', 309, 43, 70, 48, 50, 60, 38, 'https://img.pokemondb.net/artwork/phantump.jpg', 'https://img.pokemondb.net/sprites/sword-shield/icon/phantump.png', 708, 6),
('Trevenant', 'Ghost', 'Grass', 474, 85, 110, 76, 65, 82, 56, 'https://img.pokemondb.net/artwork/trevenant.jpg', 'https://img.pokemondb.net/sprites/sword-shield/icon/trevenant.png', 709, 6),
('Pumpkaboo', 'Ghost', 'Grass', 335, 49, 66, 70, 44, 55, 51, 'https://img.pokemondb.net/artwork/pumpkaboo.jpg', 'https://img.pokemondb.net/sprites/sword-shield/icon/pumpkaboo-average.png', 710, 6),
('Gourgeist', 'Ghost', 'Grass', 494, 65, 90, 122, 58, 75, 84, 'https://img.pokemondb.net/artwork/gourgeist.jpg', 'https://img.pokemondb.net/sprites/sword-shield/icon/gourgeist-average.png', 711, 6),
('Bergmite', 'Ice', '', 304, 55, 69, 85, 32, 35, 28, 'https://img.pokemondb.net/artwork/bergmite.jpg', 'https://img.pokemondb.net/sprites/sword-shield/icon/bergmite.png', 712, 6),
('Avalugg', 'Ice', '', 514, 95, 117, 184, 44, 46, 28, 'https://img.pokemondb.net/artwork/avalugg.jpg', 'https://img.pokemondb.net/sprites/sword-shield/icon/avalugg.png', 713, 6),
('Noibat', 'Flying', 'Dragon', 245, 40, 30, 35, 45, 40, 55, 'https://img.pokemondb.net/artwork/noibat.jpg', 'https://img.pokemondb.net/sprites/sword-shield/icon/noibat.png', 714, 6),
('Noivern', 'Flying', 'Dragon', 535, 85, 70, 80, 97, 80, 123, 'https://img.pokemondb.net/artwork/noivern.jpg', 'https://img.pokemondb.net/sprites/sword-shield/icon/noivern.png', 715, 6),
('Xerneas', 'Fairy', '', 680, 126, 131, 95, 131, 98, 99, 'https://img.pokemondb.net/artwork/xerneas.jpg', 'https://img.pokemondb.net/sprites/sword-shield/icon/xerneas.png', 716, 6),
('Yveltal', 'Dark', 'Flying', 680, 126, 131, 95, 131, 98, 99, 'https://img.pokemondb.net/artwork/yveltal.jpg', 'https://img.pokemondb.net/sprites/sword-shield/icon/yveltal.png', 717, 6),
('Zygarde', 'Dragon', 'Ground', 600, 108, 100, 121, 81, 95, 95, 'https://img.pokemondb.net/artwork/zygarde.jpg', 'https://img.pokemondb.net/sprites/sword-shield/icon/zygarde-50.png', 718, 6),
('Diancie', 'Rock', 'Fairy', 600, 50, 100, 150, 100, 150, 50, 'https://img.pokemondb.net/artwork/diancie.jpg', 'https://img.pokemondb.net/sprites/sword-shield/icon/diancie.png', 719, 6),
('Hoopa', 'Psychic', 'Ghost', 600, 80, 110, 60, 150, 130, 70, 'https://img.pokemondb.net/artwork/hoopa.jpg', 'https://img.pokemondb.net/sprites/sword-shield/icon/hoopa-confined.png', 720, 6),
('Volcanion', 'Fire', 'Water', 600, 80, 110, 120, 130, 90, 70, 'https://img.pokemondb.net/artwork/volcanion.jpg', 'https://img.pokemondb.net/sprites/sword-shield/icon/volcanion.png', 721, 6),
('Rowlet', 'Grass', 'Flying', 320, 68, 55, 55, 50, 50, 42, 'https://img.pokemondb.net/artwork/rowlet.jpg', 'https://img.pokemondb.net/sprites/sword-shield/icon/rowlet.png', 722, 7),
('Dartrix', 'Grass', 'Flying', 420, 78, 75, 75, 70, 70, 52, 'https://img.pokemondb.net/artwork/dartrix.jpg', 'https://img.pokemondb.net/sprites/sword-shield/icon/dartrix.png', 723, 7),
('Decidueye', 'Grass', 'Ghost', 530, 78, 107, 75, 100, 100, 70, 'https://img.pokemondb.net/artwork/decidueye.jpg', 'https://img.pokemondb.net/sprites/sword-shield/icon/decidueye.png', 724, 7),
('Litten', 'Fire', '', 320, 45, 65, 40, 60, 40, 70, 'https://img.pokemondb.net/artwork/litten.jpg', 'https://img.pokemondb.net/sprites/sword-shield/icon/litten.png', 725, 7),
('Torracat', 'Fire', '', 420, 65, 85, 50, 80, 50, 90, 'https://img.pokemondb.net/artwork/torracat.jpg', 'https://img.pokemondb.net/sprites/sword-shield/icon/torracat.png', 726, 7),
('Incineroar', 'Fire', 'Dark', 530, 95, 115, 90, 80, 90, 60, 'https://img.pokemondb.net/artwork/incineroar.jpg', 'https://img.pokemondb.net/sprites/sword-shield/icon/incineroar.png', 727, 7),
('Popplio', 'Water', '', 320, 50, 54, 54, 66, 56, 40, 'https://img.pokemondb.net/artwork/popplio.jpg', 'https://img.pokemondb.net/sprites/sword-shield/icon/popplio.png', 728, 7),
('Brionne', 'Water', '', 420, 60, 69, 69, 91, 81, 50, 'https://img.pokemondb.net/artwork/brionne.jpg', 'https://img.pokemondb.net/sprites/sword-shield/icon/brionne.png', 729, 7),
('Primarina', 'Water', 'Fairy', 530, 80, 74, 74, 126, 116, 60, 'https://img.pokemondb.net/artwork/primarina.jpg', 'https://img.pokemondb.net/sprites/sword-shield/icon/primarina.png', 730, 7),
('Pikipek', 'Normal', 'Flying', 265, 35, 75, 30, 30, 30, 65, 'https://img.pokemondb.net/artwork/pikipek.jpg', 'https://img.pokemondb.net/sprites/sword-shield/icon/pikipek.png', 731, 7),
('Trumbeak', 'Normal', 'Flying', 355, 55, 85, 50, 40, 50, 75, 'https://img.pokemondb.net/artwork/trumbeak.jpg', 'https://img.pokemondb.net/sprites/sword-shield/icon/trumbeak.png', 732, 7),
('Toucannon', 'Normal', 'Flying', 485, 80, 120, 75, 75, 75, 60, 'https://img.pokemondb.net/artwork/toucannon.jpg', 'https://img.pokemondb.net/sprites/sword-shield/icon/toucannon.png', 733, 7),
('Yungoos', 'Normal', '', 253, 48, 70, 30, 30, 30, 45, 'https://img.pokemondb.net/artwork/yungoos.jpg', 'https://img.pokemondb.net/sprites/sword-shield/icon/yungoos.png', 734, 7),
('Gumshoos', 'Normal', '', 418, 88, 110, 60, 55, 60, 45, 'https://img.pokemondb.net/artwork/gumshoos.jpg', 'https://img.pokemondb.net/sprites/sword-shield/icon/gumshoos.png', 735, 7),
('Grubbin', 'Bug', '', 300, 47, 62, 45, 55, 45, 46, 'https://img.pokemondb.net/artwork/grubbin.jpg', 'https://img.pokemondb.net/sprites/sword-shield/icon/grubbin.png', 736, 7),
('Charjabug', 'Bug', 'Electric', 400, 57, 82, 95, 55, 75, 36, 'https://img.pokemondb.net/artwork/charjabug.jpg', 'https://img.pokemondb.net/sprites/sword-shield/icon/charjabug.png', 737, 7),
('Vikavolt', 'Bug', 'Electric', 500, 77, 70, 90, 145, 75, 43, 'https://img.pokemondb.net/artwork/vikavolt.jpg', 'https://img.pokemondb.net/sprites/sword-shield/icon/vikavolt.png', 738, 7),
('Crabrawler', 'Fighting', '', 338, 47, 82, 57, 42, 47, 63, 'https://img.pokemondb.net/artwork/crabrawler.jpg', 'https://img.pokemondb.net/sprites/sword-shield/icon/crabrawler.png', 739, 7),
('Crabominable', 'Fighting', 'Ice', 478, 97, 132, 77, 62, 67, 43, 'https://img.pokemondb.net/artwork/crabominable.jpg', 'https://img.pokemondb.net/sprites/sword-shield/icon/crabominable.png', 740, 7),
('Oricorio', 'Fire', 'Flying', 476, 75, 70, 70, 98, 70, 93, 'https://img.pokemondb.net/artwork/oricorio.jpg', 'https://img.pokemondb.net/sprites/sword-shield/icon/oricorio-baile.png', 741, 7),
('Cutiefly', 'Bug', 'Fairy', 304, 40, 45, 40, 55, 40, 84, 'https://img.pokemondb.net/artwork/cutiefly.jpg', 'https://img.pokemondb.net/sprites/sword-shield/icon/cutiefly.png', 742, 7),
('Ribombee', 'Bug', 'Fairy', 464, 60, 55, 60, 95, 70, 124, 'https://img.pokemondb.net/artwork/ribombee.jpg', 'https://img.pokemondb.net/sprites/sword-shield/icon/ribombee.png', 743, 7),
('Rockruff', 'Rock', '', 280, 45, 65, 40, 30, 40, 60, 'https://img.pokemondb.net/artwork/rockruff.jpg', 'https://img.pokemondb.net/sprites/sword-shield/icon/rockruff.png', 744, 7),
('Lycanroc', 'Rock', '', 487, 75, 115, 65, 55, 65, 112, 'https://img.pokemondb.net/artwork/lycanroc.jpg', 'https://img.pokemondb.net/sprites/sword-shield/icon/lycanroc-midday.png', 745, 7),
('Wishiwashi', 'Water', '', 175, 45, 20, 20, 25, 25, 40, 'https://img.pokemondb.net/artwork/wishiwashi.jpg', 'https://img.pokemondb.net/sprites/sword-shield/icon/wishiwashi-solo.png', 746, 7),
('Mareanie', 'Poison', 'Water', 305, 50, 53, 62, 43, 52, 45, 'https://img.pokemondb.net/artwork/mareanie.jpg', 'https://img.pokemondb.net/sprites/sword-shield/icon/mareanie.png', 747, 7),
('Toxapex', 'Poison', 'Water', 495, 50, 63, 152, 53, 142, 35, 'https://img.pokemondb.net/artwork/toxapex.jpg', 'https://img.pokemondb.net/sprites/sword-shield/icon/toxapex.png', 748, 7),
('Mudbray', 'Ground', '', 385, 70, 100, 70, 45, 55, 45, 'https://img.pokemondb.net/artwork/mudbray.jpg', 'https://img.pokemondb.net/sprites/sword-shield/icon/mudbray.png', 749, 7),
('Mudsdale', 'Ground', '', 500, 100, 125, 100, 55, 85, 35, 'https://img.pokemondb.net/artwork/mudsdale.jpg', 'https://img.pokemondb.net/sprites/sword-shield/icon/mudsdale.png', 750, 7),
('Dewpider', 'Water', 'Bug', 269, 38, 40, 52, 40, 72, 27, 'https://img.pokemondb.net/artwork/dewpider.jpg', 'https://img.pokemondb.net/sprites/sword-shield/icon/dewpider.png', 751, 7),
('Araquanid', 'Water', 'Bug', 454, 68, 70, 92, 50, 132, 42, 'https://img.pokemondb.net/artwork/araquanid.jpg', 'https://img.pokemondb.net/sprites/sword-shield/icon/araquanid.png', 752, 7),
('Fomantis', 'Grass', '', 250, 40, 55, 35, 50, 35, 35, 'https://img.pokemondb.net/artwork/fomantis.jpg', 'https://img.pokemondb.net/sprites/sword-shield/icon/fomantis.png', 753, 7),
('Lurantis', 'Grass', '', 480, 70, 105, 90, 80, 90, 45, 'https://img.pokemondb.net/artwork/lurantis.jpg', 'https://img.pokemondb.net/sprites/sword-shield/icon/lurantis.png', 754, 7),
('Morelull', 'Grass', 'Fairy', 285, 40, 35, 55, 65, 75, 15, 'https://img.pokemondb.net/artwork/morelull.jpg', 'https://img.pokemondb.net/sprites/sword-shield/icon/morelull.png', 755, 7),
('Shiinotic', 'Grass', 'Fairy', 405, 60, 45, 80, 90, 100, 30, 'https://img.pokemondb.net/artwork/shiinotic.jpg', 'https://img.pokemondb.net/sprites/sword-shield/icon/shiinotic.png', 756, 7),
('Salandit', 'Poison', 'Fire', 320, 48, 44, 40, 71, 40, 77, 'https://img.pokemondb.net/artwork/salandit.jpg', 'https://img.pokemondb.net/sprites/sword-shield/icon/salandit.png', 757, 7),
('Salazzle', 'Poison', 'Fire', 480, 68, 64, 60, 111, 60, 117, 'https://img.pokemondb.net/artwork/salazzle.jpg', 'https://img.pokemondb.net/sprites/sword-shield/icon/salazzle.png', 758, 7),
('Stufful', 'Normal', 'Fighting', 340, 70, 75, 50, 45, 50, 50, 'https://img.pokemondb.net/artwork/stufful.jpg', 'https://img.pokemondb.net/sprites/sword-shield/icon/stufful.png', 759, 7),
('Bewear', 'Normal', 'Fighting', 500, 120, 125, 80, 55, 60, 60, 'https://img.pokemondb.net/artwork/bewear.jpg', 'https://img.pokemondb.net/sprites/sword-shield/icon/bewear.png', 760, 7),
('Bounsweet', 'Grass', '', 210, 42, 30, 38, 30, 38, 32, 'https://img.pokemondb.net/artwork/bounsweet.jpg', 'https://img.pokemondb.net/sprites/sword-shield/icon/bounsweet.png', 761, 7),
('Steenee', 'Grass', '', 290, 52, 40, 48, 40, 48, 62, 'https://img.pokemondb.net/artwork/steenee.jpg', 'https://img.pokemondb.net/sprites/sword-shield/icon/steenee.png', 762, 7),
('Tsareena', 'Grass', '', 510, 72, 120, 98, 50, 98, 72, 'https://img.pokemondb.net/artwork/tsareena.jpg', 'https://img.pokemondb.net/sprites/sword-shield/icon/tsareena.png', 763, 7),
('Comfey', 'Fairy', '', 485, 51, 52, 90, 82, 110, 100, 'https://img.pokemondb.net/artwork/comfey.jpg', 'https://img.pokemondb.net/sprites/sword-shield/icon/comfey.png', 764, 7),
('Oranguru', 'Normal', 'Psychic', 490, 90, 60, 80, 90, 110, 60, 'https://img.pokemondb.net/artwork/oranguru.jpg', 'https://img.pokemondb.net/sprites/sword-shield/icon/oranguru.png', 765, 7),
('Passimian', 'Fighting', '', 490, 100, 120, 90, 40, 60, 80, 'https://img.pokemondb.net/artwork/passimian.jpg', 'https://img.pokemondb.net/sprites/sword-shield/icon/passimian.png', 766, 7),
('Wimpod', 'Bug', 'Water', 230, 25, 35, 40, 20, 30, 80, 'https://img.pokemondb.net/artwork/wimpod.jpg', 'https://img.pokemondb.net/sprites/sword-shield/icon/wimpod.png', 767, 7),
('Golisopod', 'Bug', 'Water', 530, 75, 125, 140, 60, 90, 40, 'https://img.pokemondb.net/artwork/golisopod.jpg', 'https://img.pokemondb.net/sprites/sword-shield/icon/golisopod.png', 768, 7),
('Sandygast', 'Ghost', 'Ground', 320, 55, 55, 80, 70, 45, 15, 'https://img.pokemondb.net/artwork/sandygast.jpg', 'https://img.pokemondb.net/sprites/sword-shield/icon/sandygast.png', 769, 7),
('Palossand', 'Ghost', 'Ground', 480, 85, 75, 110, 100, 75, 35, 'https://img.pokemondb.net/artwork/palossand.jpg', 'https://img.pokemondb.net/sprites/sword-shield/icon/palossand.png', 770, 7),
('Pyukumuku', 'Water', '', 410, 55, 60, 130, 30, 130, 5, 'https://img.pokemondb.net/artwork/pyukumuku.jpg', 'https://img.pokemondb.net/sprites/sword-shield/icon/pyukumuku.png', 771, 7),
('Type: Null', 'Normal', '', 534, 95, 95, 95, 95, 95, 59, 'https://img.pokemondb.net/artwork/type-null.jpg', 'https://img.pokemondb.net/sprites/sword-shield/icon/type-null.png', 772, 7),
('Silvally', 'Normal', '', 570, 95, 95, 95, 95, 95, 95, 'https://img.pokemondb.net/artwork/silvally.jpg', 'https://img.pokemondb.net/sprites/sword-shield/icon/silvally.png', 773, 7),
('Minior', 'Rock', 'Flying', 440, 60, 60, 100, 60, 100, 60, 'https://img.pokemondb.net/artwork/minior.jpg', 'https://img.pokemondb.net/sprites/sword-shield/icon/minior-meteor.png', 774, 7),
('Komala', 'Normal', '', 480, 65, 115, 65, 75, 95, 65, 'https://img.pokemondb.net/artwork/komala.jpg', 'https://img.pokemondb.net/sprites/sword-shield/icon/komala.png', 775, 7),
('Turtonator', 'Fire', 'Dragon', 485, 60, 78, 135, 91, 85, 36, 'https://img.pokemondb.net/artwork/turtonator.jpg', 'https://img.pokemondb.net/sprites/sword-shield/icon/turtonator.png', 776, 7),
('Togedemaru', 'Electric', 'Steel', 435, 65, 98, 63, 40, 73, 96, 'https://img.pokemondb.net/artwork/togedemaru.jpg', 'https://img.pokemondb.net/sprites/sword-shield/icon/togedemaru.png', 777, 7),
('Mimikyu', 'Ghost', 'Fairy', 476, 55, 90, 80, 50, 105, 96, 'https://img.pokemondb.net/artwork/mimikyu.jpg', 'https://img.pokemondb.net/sprites/sword-shield/icon/mimikyu.png', 778, 7),
('Bruxish', 'Water', 'Psychic', 475, 68, 105, 70, 70, 70, 92, 'https://img.pokemondb.net/artwork/bruxish.jpg', 'https://img.pokemondb.net/sprites/sword-shield/icon/bruxish.png', 779, 7),
('Drampa', 'Normal', 'Dragon', 485, 78, 60, 85, 135, 91, 36, 'https://img.pokemondb.net/artwork/drampa.jpg', 'https://img.pokemondb.net/sprites/sword-shield/icon/drampa.png', 780, 7),
('Dhelmise', 'Ghost', 'Grass', 517, 70, 131, 100, 86, 90, 40, 'https://img.pokemondb.net/artwork/dhelmise.jpg', 'https://img.pokemondb.net/sprites/sword-shield/icon/dhelmise.png', 781, 7),
('Jangmo-o', 'Dragon', '', 300, 45, 55, 65, 45, 45, 45, 'https://img.pokemondb.net/artwork/jangmo-o.jpg', 'https://img.pokemondb.net/sprites/sword-shield/icon/jangmo-o.png', 782, 7),
('Hakamo-o', 'Dragon', 'Fighting', 420, 55, 75, 90, 65, 70, 65, 'https://img.pokemondb.net/artwork/hakamo-o.jpg', 'https://img.pokemondb.net/sprites/sword-shield/icon/hakamo-o.png', 783, 7),
('Kommo-o', 'Dragon', 'Fighting', 600, 75, 110, 125, 100, 105, 85, 'https://img.pokemondb.net/artwork/kommo-o.jpg', 'https://img.pokemondb.net/sprites/sword-shield/icon/kommo-o.png', 784, 7),
('Tapu Koko', 'Electric', 'Fairy', 570, 70, 115, 85, 95, 75, 130, 'https://img.pokemondb.net/artwork/tapu-koko.jpg', 'https://img.pokemondb.net/sprites/sword-shield/icon/tapu-koko.png', 785, 7),
('Tapu Lele', 'Psychic', 'Fairy', 570, 70, 85, 75, 130, 115, 95, 'https://img.pokemondb.net/artwork/tapu-lele.jpg', 'https://img.pokemondb.net/sprites/sword-shield/icon/tapu-lele.png', 786, 7),
('Tapu Bulu', 'Grass', 'Fairy', 570, 70, 130, 115, 85, 95, 75, 'https://img.pokemondb.net/artwork/tapu-bulu.jpg', 'https://img.pokemondb.net/sprites/sword-shield/icon/tapu-bulu.png', 787, 7),
('Tapu Fini', 'Water', 'Fairy', 570, 70, 75, 115, 95, 130, 85, 'https://img.pokemondb.net/artwork/tapu-fini.jpg', 'https://img.pokemondb.net/sprites/sword-shield/icon/tapu-fini.png', 788, 7),
('Cosmog', 'Psychic', '', 200, 43, 29, 31, 29, 31, 37, 'https://img.pokemondb.net/artwork/cosmog.jpg', 'https://img.pokemondb.net/sprites/sword-shield/icon/cosmog.png', 789, 7),
('Cosmoem', 'Psychic', '', 400, 43, 29, 131, 29, 131, 37, 'https://img.pokemondb.net/artwork/cosmoem.jpg', 'https://img.pokemondb.net/sprites/sword-shield/icon/cosmoem.png', 790, 7),
('Solgaleo', 'Psychic', 'Steel', 680, 137, 137, 107, 113, 89, 97, 'https://img.pokemondb.net/artwork/solgaleo.jpg', 'https://img.pokemondb.net/sprites/sword-shield/icon/solgaleo.png', 791, 7),
('Lunala', 'Psychic', 'Ghost', 680, 137, 113, 89, 137, 107, 97, 'https://img.pokemondb.net/artwork/lunala.jpg', 'https://img.pokemondb.net/sprites/sword-shield/icon/lunala.png', 792, 7),
('Nihilego', 'Rock', 'Poison', 570, 109, 53, 47, 127, 131, 103, 'https://img.pokemondb.net/artwork/nihilego.jpg', 'https://img.pokemondb.net/sprites/sword-shield/icon/nihilego.png', 793, 7),
('Buzzwole', 'Bug', 'Fighting', 570, 107, 139, 139, 53, 53, 79, 'https://img.pokemondb.net/artwork/buzzwole.jpg', 'https://img.pokemondb.net/sprites/sword-shield/icon/buzzwole.png', 794, 7),
('Pheromosa', 'Bug', 'Fighting', 570, 71, 137, 37, 137, 37, 151, 'https://img.pokemondb.net/artwork/pheromosa.jpg', 'https://img.pokemondb.net/sprites/sword-shield/icon/pheromosa.png', 795, 7),
('Xurkitree', 'Electric', '', 570, 83, 89, 71, 173, 71, 83, 'https://img.pokemondb.net/artwork/xurkitree.jpg', 'https://img.pokemondb.net/sprites/sword-shield/icon/xurkitree.png', 796, 7),
('Celesteela', 'Steel', 'Flying', 570, 97, 101, 103, 107, 101, 61, 'https://img.pokemondb.net/artwork/celesteela.jpg', 'https://img.pokemondb.net/sprites/sword-shield/icon/celesteela.png', 797, 7),
('Kartana', 'Grass', 'Steel', 570, 59, 181, 131, 59, 31, 109, 'https://img.pokemondb.net/artwork/kartana.jpg', 'https://img.pokemondb.net/sprites/sword-shield/icon/kartana.png', 798, 7),
('Guzzlord', 'Dark', 'Dragon', 570, 223, 101, 53, 97, 53, 43, 'https://img.pokemondb.net/artwork/guzzlord.jpg', 'https://img.pokemondb.net/sprites/sword-shield/icon/guzzlord.png', 799, 7),
('Necrozma', 'Psychic', '', 600, 97, 107, 101, 127, 89, 79, 'https://img.pokemondb.net/artwork/necrozma.jpg', 'https://img.pokemondb.net/sprites/sword-shield/icon/necrozma.png', 800, 7),
('Magearna', 'Steel', 'Fairy', 600, 80, 95, 115, 130, 115, 65, 'https://img.pokemondb.net/artwork/magearna.jpg', 'https://img.pokemondb.net/sprites/sword-shield/icon/magearna.png', 801, 7),
('Marshadow', 'Fighting', 'Ghost', 600, 90, 125, 80, 90, 90, 125, 'https://img.pokemondb.net/artwork/marshadow.jpg', 'https://img.pokemondb.net/sprites/sword-shield/icon/marshadow.png', 802, 7),
('Poipole', 'Poison', '', 420, 67, 73, 67, 73, 67, 73, 'https://img.pokemondb.net/artwork/poipole.jpg', 'https://img.pokemondb.net/sprites/sword-shield/icon/poipole.png', 803, 8),
('Naganadel', 'Poison', 'Dragon', 540, 73, 73, 73, 127, 73, 121, 'https://img.pokemondb.net/artwork/naganadel.jpg', 'https://img.pokemondb.net/sprites/sword-shield/icon/naganadel.png', 804, 8),
('Stakataka', 'Rock', 'Steel', 570, 61, 131, 211, 53, 101, 13, 'https://img.pokemondb.net/artwork/stakataka.jpg', 'https://img.pokemondb.net/sprites/sword-shield/icon/stakataka.png', 805, 8),
('Blacephalon', 'Fire', 'Ghost', 570, 53, 127, 53, 151, 79, 107, 'https://img.pokemondb.net/artwork/blacephalon.jpg', 'https://img.pokemondb.net/sprites/sword-shield/icon/blacephalon.png', 806, 8),
('Zeraora', 'Electric', '', 600, 88, 112, 75, 102, 80, 143, 'https://img.pokemondb.net/artwork/zeraora.jpg', 'https://img.pokemondb.net/sprites/sword-shield/icon/zeraora.png', 807, 8),
('Meltan', 'Steel', '', 300, 46, 65, 65, 55, 35, 34, 'https://img.pokemondb.net/artwork/meltan.jpg', 'https://img.pokemondb.net/sprites/sword-shield/icon/meltan.png', 808, 8),
('Melmetal', 'Steel', '', 600, 135, 143, 143, 80, 65, 34, 'https://img.pokemondb.net/artwork/melmetal.jpg', 'https://img.pokemondb.net/sprites/sword-shield/icon/melmetal.png', 809, 8),
('Grookey', 'Grass', '', 310, 50, 65, 50, 40, 40, 65, 'https://img.pokemondb.net/artwork/grookey.jpg', 'https://img.pokemondb.net/sprites/sword-shield/icon/grookey.png', 810, 8),
('Thwackey', 'Grass', '', 420, 70, 85, 70, 55, 60, 80, 'https://img.pokemondb.net/artwork/thwackey.jpg', 'https://img.pokemondb.net/sprites/sword-shield/icon/thwackey.png', 811, 8),
('Rillaboom', 'Grass', '', 530, 100, 125, 90, 60, 70, 85, 'https://img.pokemondb.net/artwork/rillaboom.jpg', 'https://img.pokemondb.net/sprites/sword-shield/icon/rillaboom.png', 812, 8),
('Scorbunny', 'Fire', '', 310, 50, 71, 40, 40, 40, 69, 'https://img.pokemondb.net/artwork/scorbunny.jpg', 'https://img.pokemondb.net/sprites/sword-shield/icon/scorbunny.png', 813, 8),
('Raboot', 'Fire', '', 420, 65, 86, 60, 55, 60, 94, 'https://img.pokemondb.net/artwork/raboot.jpg', 'https://img.pokemondb.net/sprites/sword-shield/icon/raboot.png', 814, 8),
('Cinderace', 'Fire', '', 530, 80, 116, 75, 65, 75, 119, 'https://img.pokemondb.net/artwork/cinderace.jpg', 'https://img.pokemondb.net/sprites/sword-shield/icon/cinderace.png', 815, 8),
('Sobble', 'Water', '', 310, 50, 40, 40, 70, 40, 70, 'https://img.pokemondb.net/artwork/sobble.jpg', 'https://img.pokemondb.net/sprites/sword-shield/icon/sobble.png', 816, 8),
('Drizzile', 'Water', '', 420, 65, 60, 55, 95, 55, 90, 'https://img.pokemondb.net/artwork/drizzile.jpg', 'https://img.pokemondb.net/sprites/sword-shield/icon/drizzile.png', 817, 8),
('Inteleon', 'Water', '', 530, 70, 85, 65, 125, 65, 120, 'https://img.pokemondb.net/artwork/inteleon.jpg', 'https://img.pokemondb.net/sprites/sword-shield/icon/inteleon.png', 818, 8);
INSERT INTO `csv` (`name`, `type1`, `type2`, `total`, `hp`, `attack`, `defense`, `special_attack`, `special_defense`, `speed`, `image`, `icon`, `id`, `generation`) VALUES
('Skwovet', 'Normal', '', 275, 70, 55, 55, 35, 35, 25, 'https://img.pokemondb.net/artwork/skwovet.jpg', 'https://img.pokemondb.net/sprites/sword-shield/icon/skwovet.png', 819, 8),
('Greedent', 'Normal', '', 460, 120, 95, 95, 55, 75, 20, 'https://img.pokemondb.net/artwork/greedent.jpg', 'https://img.pokemondb.net/sprites/sword-shield/icon/greedent.png', 820, 8),
('Rookidee', 'Flying', '', 245, 38, 47, 35, 33, 35, 57, 'https://img.pokemondb.net/artwork/rookidee.jpg', 'https://img.pokemondb.net/sprites/sword-shield/icon/rookidee.png', 821, 8),
('Corvisquire', 'Flying', '', 365, 68, 67, 55, 43, 55, 77, 'https://img.pokemondb.net/artwork/corvisquire.jpg', 'https://img.pokemondb.net/sprites/sword-shield/icon/corvisquire.png', 822, 8),
('Corviknight', 'Flying', 'Steel', 495, 98, 87, 105, 53, 85, 67, 'https://img.pokemondb.net/artwork/corviknight.jpg', 'https://img.pokemondb.net/sprites/sword-shield/icon/corviknight.png', 823, 8),
('Blipbug', 'Bug', '', 180, 25, 20, 20, 25, 45, 45, 'https://img.pokemondb.net/artwork/blipbug.jpg', 'https://img.pokemondb.net/sprites/sword-shield/icon/blipbug.png', 824, 8),
('Dottler', 'Bug', 'Psychic', 335, 50, 35, 80, 50, 90, 30, 'https://img.pokemondb.net/artwork/dottler.jpg', 'https://img.pokemondb.net/sprites/sword-shield/icon/dottler.png', 825, 8),
('Orbeetle', 'Bug', 'Psychic', 505, 60, 45, 110, 80, 120, 90, 'https://img.pokemondb.net/artwork/orbeetle.jpg', 'https://img.pokemondb.net/sprites/sword-shield/icon/orbeetle.png', 826, 8),
('Nickit', 'Dark', '', 245, 40, 28, 28, 47, 52, 50, 'https://img.pokemondb.net/artwork/nickit.jpg', 'https://img.pokemondb.net/sprites/sword-shield/icon/nickit.png', 827, 8),
('Thievul', 'Dark', '', 455, 70, 58, 58, 87, 92, 90, 'https://img.pokemondb.net/artwork/thievul.jpg', 'https://img.pokemondb.net/sprites/sword-shield/icon/thievul.png', 828, 8),
('Gossifleur', 'Grass', '', 250, 40, 40, 60, 40, 60, 10, 'https://img.pokemondb.net/artwork/gossifleur.jpg', 'https://img.pokemondb.net/sprites/sword-shield/icon/gossifleur.png', 829, 8),
('Eldegoss', 'Grass', '', 460, 60, 50, 90, 80, 120, 60, 'https://img.pokemondb.net/artwork/eldegoss.jpg', 'https://img.pokemondb.net/sprites/sword-shield/icon/eldegoss.png', 830, 8),
('Wooloo', 'Normal', '', 270, 42, 40, 55, 40, 45, 48, 'https://img.pokemondb.net/artwork/wooloo.jpg', 'https://img.pokemondb.net/sprites/sword-shield/icon/wooloo.png', 831, 8),
('Dubwool', 'Normal', '', 490, 72, 80, 100, 60, 90, 88, 'https://img.pokemondb.net/artwork/dubwool.jpg', 'https://img.pokemondb.net/sprites/sword-shield/icon/dubwool.png', 832, 8),
('Chewtle', 'Water', '', 284, 50, 64, 50, 38, 38, 44, 'https://img.pokemondb.net/artwork/chewtle.jpg', 'https://img.pokemondb.net/sprites/sword-shield/icon/chewtle.png', 833, 8),
('Drednaw', 'Water', 'Rock', 485, 90, 115, 90, 48, 68, 74, 'https://img.pokemondb.net/artwork/drednaw.jpg', 'https://img.pokemondb.net/sprites/sword-shield/icon/drednaw.png', 834, 8),
('Yamper', 'Electric', '', 270, 59, 45, 50, 40, 50, 26, 'https://img.pokemondb.net/artwork/yamper.jpg', 'https://img.pokemondb.net/sprites/sword-shield/icon/yamper.png', 835, 8),
('Boltund', 'Electric', '', 490, 69, 90, 60, 90, 60, 121, 'https://img.pokemondb.net/artwork/boltund.jpg', 'https://img.pokemondb.net/sprites/sword-shield/icon/boltund.png', 836, 8),
('Rolycoly', 'Rock', '', 240, 30, 40, 50, 40, 50, 30, 'https://img.pokemondb.net/artwork/rolycoly.jpg', 'https://img.pokemondb.net/sprites/sword-shield/icon/rolycoly.png', 837, 8),
('Carkol', 'Rock', 'Fire', 410, 80, 60, 90, 60, 70, 50, 'https://img.pokemondb.net/artwork/carkol.jpg', 'https://img.pokemondb.net/sprites/sword-shield/icon/carkol.png', 838, 8),
('Coalossal', 'Rock', 'Fire', 510, 110, 80, 120, 80, 90, 30, 'https://img.pokemondb.net/artwork/coalossal.jpg', 'https://img.pokemondb.net/sprites/sword-shield/icon/coalossal.png', 839, 8),
('Applin', 'Grass', 'Dragon', 260, 40, 40, 80, 40, 40, 20, 'https://img.pokemondb.net/artwork/applin.jpg', 'https://img.pokemondb.net/sprites/sword-shield/icon/applin.png', 840, 8),
('Flapple', 'Grass', 'Dragon', 485, 70, 110, 80, 95, 60, 70, 'https://img.pokemondb.net/artwork/flapple.jpg', 'https://img.pokemondb.net/sprites/sword-shield/icon/flapple.png', 841, 8),
('Appletun', 'Grass', 'Dragon', 485, 110, 85, 80, 100, 80, 30, 'https://img.pokemondb.net/artwork/appletun.jpg', 'https://img.pokemondb.net/sprites/sword-shield/icon/appletun.png', 842, 8),
('Silicobra', 'Ground', '', 315, 52, 57, 75, 35, 50, 46, 'https://img.pokemondb.net/artwork/silicobra.jpg', 'https://img.pokemondb.net/sprites/sword-shield/icon/silicobra.png', 843, 8),
('Sandaconda', 'Ground', '', 510, 72, 107, 125, 65, 70, 71, 'https://img.pokemondb.net/artwork/sandaconda.jpg', 'https://img.pokemondb.net/sprites/sword-shield/icon/sandaconda.png', 844, 8),
('Cramorant', 'Flying', 'Water', 475, 70, 85, 55, 85, 95, 85, 'https://img.pokemondb.net/artwork/cramorant.jpg', 'https://img.pokemondb.net/sprites/sword-shield/icon/cramorant.png', 845, 8),
('Arrokuda', 'Water', '', 280, 41, 63, 40, 40, 30, 66, 'https://img.pokemondb.net/artwork/arrokuda.jpg', 'https://img.pokemondb.net/sprites/sword-shield/icon/arrokuda.png', 846, 8),
('Barraskewda', 'Water', '', 490, 61, 123, 60, 60, 50, 136, 'https://img.pokemondb.net/artwork/barraskewda.jpg', 'https://img.pokemondb.net/sprites/sword-shield/icon/barraskewda.png', 847, 8),
('Toxel', 'Electric', 'Poison', 242, 40, 38, 35, 54, 35, 40, 'https://img.pokemondb.net/artwork/toxel.jpg', 'https://img.pokemondb.net/sprites/sword-shield/icon/toxel.png', 848, 8),
('Toxtricity', 'Electric', 'Poison', 502, 75, 98, 70, 114, 70, 75, 'https://img.pokemondb.net/artwork/toxtricity.jpg', 'https://img.pokemondb.net/sprites/sword-shield/icon/toxtricity-low-key.png', 849, 8),
('Sizzlipede', 'Fire', 'Bug', 305, 50, 65, 45, 50, 50, 45, 'https://img.pokemondb.net/artwork/sizzlipede.jpg', 'https://img.pokemondb.net/sprites/sword-shield/icon/sizzlipede.png', 850, 8),
('Centiskorch', 'Fire', 'Bug', 525, 100, 115, 65, 90, 90, 65, 'https://img.pokemondb.net/artwork/centiskorch.jpg', 'https://img.pokemondb.net/sprites/sword-shield/icon/centiskorch.png', 851, 8),
('Clobbopus', 'Fighting', '', 310, 50, 68, 60, 50, 50, 32, 'https://img.pokemondb.net/artwork/clobbopus.jpg', 'https://img.pokemondb.net/sprites/sword-shield/icon/clobbopus.png', 852, 8),
('Grapploct', 'Fighting', '', 480, 80, 118, 90, 70, 80, 42, 'https://img.pokemondb.net/artwork/grapploct.jpg', 'https://img.pokemondb.net/sprites/sword-shield/icon/grapploct.png', 853, 8),
('Sinistea', 'Ghost', '', 308, 40, 45, 45, 74, 54, 50, 'https://img.pokemondb.net/artwork/sinistea.jpg', 'https://img.pokemondb.net/sprites/sword-shield/icon/sinistea.png', 854, 8),
('Polteageist', 'Ghost', '', 508, 60, 65, 65, 134, 114, 70, 'https://img.pokemondb.net/artwork/polteageist.jpg', 'https://img.pokemondb.net/sprites/sword-shield/icon/polteageist.png', 855, 8),
('Hatenna', 'Psychic', '', 265, 42, 30, 45, 56, 53, 39, 'https://img.pokemondb.net/artwork/hatenna.jpg', 'https://img.pokemondb.net/sprites/sword-shield/icon/hatenna.png', 856, 8),
('Hattrem', 'Psychic', '', 370, 57, 40, 65, 86, 73, 49, 'https://img.pokemondb.net/artwork/hattrem.jpg', 'https://img.pokemondb.net/sprites/sword-shield/icon/hattrem.png', 857, 8),
('Hatterene', 'Psychic', 'Fairy', 510, 57, 90, 95, 136, 103, 29, 'https://img.pokemondb.net/artwork/hatterene.jpg', 'https://img.pokemondb.net/sprites/sword-shield/icon/hatterene.png', 858, 8),
('Impidimp', 'Dark', 'Fairy', 265, 45, 45, 30, 55, 40, 50, 'https://img.pokemondb.net/artwork/impidimp.jpg', 'https://img.pokemondb.net/sprites/sword-shield/icon/impidimp.png', 859, 8),
('Morgrem', 'Dark', 'Fairy', 370, 65, 60, 45, 75, 55, 70, 'https://img.pokemondb.net/artwork/morgrem.jpg', 'https://img.pokemondb.net/sprites/sword-shield/icon/morgrem.png', 860, 8),
('Grimmsnarl', 'Dark', 'Fairy', 510, 95, 120, 65, 95, 75, 60, 'https://img.pokemondb.net/artwork/grimmsnarl.jpg', 'https://img.pokemondb.net/sprites/sword-shield/icon/grimmsnarl.png', 861, 8),
('Obstagoon', 'Dark', 'Normal', 520, 93, 90, 101, 60, 81, 95, 'https://img.pokemondb.net/artwork/obstagoon.jpg', 'https://img.pokemondb.net/sprites/sword-shield/icon/obstagoon.png', 862, 8),
('Perrserker', 'Steel', '', 440, 70, 110, 100, 50, 60, 50, 'https://img.pokemondb.net/artwork/perrserker.jpg', 'https://img.pokemondb.net/sprites/sword-shield/icon/perrserker.png', 863, 8),
('Cursola', 'Ghost', '', 510, 60, 95, 50, 145, 130, 30, 'https://img.pokemondb.net/artwork/cursola.jpg', 'https://img.pokemondb.net/sprites/sword-shield/icon/cursola.png', 864, 8),
('Sirfetch\'d', 'Fighting', '', 507, 62, 135, 95, 68, 82, 65, 'https://img.pokemondb.net/artwork/sirfetchd.jpg', 'https://img.pokemondb.net/sprites/sword-shield/icon/sirfetchd.png', 865, 8),
('Mr. Rime', 'Ice', 'Psychic', 520, 80, 85, 75, 110, 100, 70, 'https://img.pokemondb.net/artwork/mr-rime.jpg', 'https://img.pokemondb.net/sprites/sword-shield/icon/mr-rime.png', 866, 8),
('Runerigus', 'Ground', 'Ghost', 483, 58, 95, 145, 50, 105, 30, 'https://img.pokemondb.net/artwork/runerigus.jpg', 'https://img.pokemondb.net/sprites/sword-shield/icon/runerigus.png', 867, 8),
('Milcery', 'Fairy', '', 270, 45, 40, 40, 50, 61, 34, 'https://img.pokemondb.net/artwork/milcery.jpg', 'https://img.pokemondb.net/sprites/sword-shield/icon/milcery.png', 868, 8),
('Alcremie', 'Fairy', '', 495, 65, 60, 75, 110, 121, 64, 'https://img.pokemondb.net/artwork/alcremie.jpg', 'https://img.pokemondb.net/sprites/sword-shield/icon/alcremie.png', 869, 8),
('Falinks', 'Fighting', '', 470, 65, 100, 100, 70, 60, 75, 'https://img.pokemondb.net/artwork/falinks.jpg', 'https://img.pokemondb.net/sprites/sword-shield/icon/falinks.png', 870, 8),
('Pincurchin', 'Electric', '', 435, 48, 101, 95, 91, 85, 15, 'https://img.pokemondb.net/artwork/pincurchin.jpg', 'https://img.pokemondb.net/sprites/sword-shield/icon/pincurchin.png', 871, 8),
('Snom', 'Ice', 'Bug', 185, 30, 25, 35, 45, 30, 20, 'https://img.pokemondb.net/artwork/snom.jpg', 'https://img.pokemondb.net/sprites/sword-shield/icon/snom.png', 872, 8),
('Frosmoth', 'Ice', 'Bug', 475, 70, 65, 60, 125, 90, 65, 'https://img.pokemondb.net/artwork/frosmoth.jpg', 'https://img.pokemondb.net/sprites/sword-shield/icon/frosmoth.png', 873, 8),
('Stonjourner', 'Rock', '', 470, 100, 125, 135, 20, 20, 70, 'https://img.pokemondb.net/artwork/stonjourner.jpg', 'https://img.pokemondb.net/sprites/sword-shield/icon/stonjourner.png', 874, 8),
('Eiscue', 'Ice', '', 470, 75, 80, 110, 65, 90, 50, 'https://img.pokemondb.net/artwork/eiscue.jpg', 'https://img.pokemondb.net/sprites/sword-shield/icon/eiscue-ice.png', 875, 8),
('Indeedee', 'Psychic', 'Normal', 475, 60, 65, 55, 105, 95, 95, 'https://img.pokemondb.net/artwork/indeedee.jpg', 'https://img.pokemondb.net/sprites/sword-shield/icon/indeedee-male.png', 876, 8),
('Morpeko', 'Electric', 'Dark', 436, 58, 95, 58, 70, 58, 97, 'https://img.pokemondb.net/artwork/morpeko.jpg', 'https://img.pokemondb.net/sprites/sword-shield/icon/morpeko-full-belly.png', 877, 8),
('Cufant', 'Steel', '', 330, 72, 80, 49, 40, 49, 40, 'https://img.pokemondb.net/artwork/cufant.jpg', 'https://img.pokemondb.net/sprites/sword-shield/icon/cufant.png', 878, 8),
('Copperajah', 'Steel', '', 500, 122, 130, 69, 80, 69, 30, 'https://img.pokemondb.net/artwork/copperajah.jpg', 'https://img.pokemondb.net/sprites/sword-shield/icon/copperajah.png', 879, 8),
('Dracozolt', 'Electric', 'Dragon', 505, 90, 100, 90, 80, 70, 75, 'https://img.pokemondb.net/artwork/dracozolt.jpg', 'https://img.pokemondb.net/sprites/sword-shield/icon/dracozolt.png', 880, 8),
('Arctozolt', 'Electric', 'Ice', 505, 90, 100, 90, 90, 80, 55, 'https://img.pokemondb.net/artwork/arctozolt.jpg', 'https://img.pokemondb.net/sprites/sword-shield/icon/arctozolt.png', 881, 8),
('Dracovish', 'Water', 'Dragon', 505, 90, 90, 100, 70, 80, 75, 'https://img.pokemondb.net/artwork/dracovish.jpg', 'https://img.pokemondb.net/sprites/sword-shield/icon/dracovish.png', 882, 8),
('Arctovish', 'Water', 'Ice', 505, 90, 90, 100, 80, 90, 55, 'https://img.pokemondb.net/artwork/arctovish.jpg', 'https://img.pokemondb.net/sprites/sword-shield/icon/arctovish.png', 883, 8),
('Duraludon', 'Steel', 'Dragon', 535, 70, 95, 115, 120, 50, 85, 'https://img.pokemondb.net/artwork/duraludon.jpg', 'https://img.pokemondb.net/sprites/sword-shield/icon/duraludon.png', 884, 8),
('Dreepy', 'Dragon', 'Ghost', 270, 28, 60, 30, 40, 30, 82, 'https://img.pokemondb.net/artwork/dreepy.jpg', 'https://img.pokemondb.net/sprites/sword-shield/icon/dreepy.png', 885, 8),
('Drakloak', 'Dragon', 'Ghost', 410, 68, 80, 50, 60, 50, 102, 'https://img.pokemondb.net/artwork/drakloak.jpg', 'https://img.pokemondb.net/sprites/sword-shield/icon/drakloak.png', 886, 8),
('Dragapult', 'Dragon', 'Ghost', 600, 88, 120, 75, 100, 75, 142, 'https://img.pokemondb.net/artwork/dragapult.jpg', 'https://img.pokemondb.net/sprites/sword-shield/icon/dragapult.png', 887, 8),
('Zacian', 'Fairy', 'Steel', 720, 92, 170, 115, 80, 115, 148, 'https://img.pokemondb.net/artwork/zacian.jpg', 'https://img.pokemondb.net/sprites/sword-shield/icon/zacian-crowned.png', 888, 8),
('Zamazenta', 'Fighting', 'Steel', 720, 92, 130, 145, 80, 145, 128, 'https://img.pokemondb.net/artwork/zamazenta.jpg', 'https://img.pokemondb.net/sprites/sword-shield/icon/zamazenta-crowned.png', 889, 8),
('Eternatus', 'Poison', 'Dragon', 690, 140, 85, 95, 145, 95, 130, 'https://img.pokemondb.net/artwork/eternatus.jpg', 'https://img.pokemondb.net/sprites/sword-shield/icon/eternatus.png', 890, 8),
('Kubfu', 'Fighting', '', 385, 60, 90, 60, 53, 50, 72, 'https://img.pokemondb.net/artwork/kubfu.jpg', 'https://img.pokemondb.net/sprites/sword-shield/icon/kubfu.png', 891, 8),
('Urshifu', 'Fighting', 'Dark', 550, 100, 130, 100, 63, 60, 97, 'https://img.pokemondb.net/artwork/urshifu.jpg', 'https://img.pokemondb.net/sprites/sword-shield/icon/urshifu-single-strike.png', 892, 8),
('Zarude', 'Dark', 'Grass', 600, 105, 120, 105, 70, 95, 105, 'https://img.pokemondb.net/artwork/zarude.jpg', 'https://img.pokemondb.net/sprites/sword-shield/icon/zarude.png', 893, 8),
('Regieleki', 'Electric', '', 580, 80, 100, 50, 100, 50, 200, 'https://img.pokemondb.net/artwork/regieleki.jpg', 'https://img.pokemondb.net/sprites/sword-shield/icon/regieleki.png', 894, 8),
('Regidrago', 'Dragon', '', 580, 200, 100, 50, 100, 50, 80, 'https://img.pokemondb.net/artwork/regidrago.jpg', 'https://img.pokemondb.net/sprites/sword-shield/icon/regidrago.png', 895, 8),
('Glastrier', 'Ice', '', 580, 100, 145, 130, 65, 110, 30, 'https://img.pokemondb.net/artwork/glastrier.jpg', 'https://img.pokemondb.net/sprites/sword-shield/icon/glastrier.png', 896, 8),
('Spectrier', 'Ghost', '', 580, 100, 65, 60, 145, 80, 130, 'https://img.pokemondb.net/artwork/spectrier.jpg', 'https://img.pokemondb.net/sprites/sword-shield/icon/spectrier.png', 897, 8),
('Calyrex', 'Psychic', 'Grass', 500, 100, 80, 80, 80, 80, 80, 'https://img.pokemondb.net/artwork/calyrex.jpg', 'https://img.pokemondb.net/sprites/sword-shield/icon/calyrex.png', 898, 8);

-- --------------------------------------------------------

--
-- Doublure de structure pour la vue `defense`
-- (Voir ci-dessous la vue réelle)
--
CREATE TABLE `defense` (
`id_pokemon` int
,`defense` int
);

-- --------------------------------------------------------

--
-- Structure de la table `generations`
--

CREATE TABLE `generations` (
  `id_generations` int NOT NULL,
  `generation` varchar(45) NOT NULL
) ENGINE=InnoDB DEFAULT CHARSET=utf8mb3;

--
-- Déchargement des données de la table `generations`
--

INSERT INTO `generations` (`id_generations`, `generation`) VALUES
(1, '1'),
(2, '2'),
(3, '3'),
(4, '4'),
(5, '5'),
(6, '6'),
(7, '7'),
(8, '8');

-- --------------------------------------------------------

--
-- Doublure de structure pour la vue `hp`
-- (Voir ci-dessous la vue réelle)
--
CREATE TABLE `hp` (
`id_pokemon` int
,`hp` int
);

-- --------------------------------------------------------

--
-- Structure de la table `infos`
--

CREATE TABLE `infos` (
  `id_pokemon` int NOT NULL,
  `name` varchar(45) NOT NULL,
  `url` varchar(1000) NOT NULL,
  `total` int NOT NULL,
  `hp` int NOT NULL,
  `attack` int NOT NULL,
  `defense` int NOT NULL,
  `special_attack` int NOT NULL,
  `special_defense` int NOT NULL,
  `speed` int NOT NULL,
  `generations_id_generations` int NOT NULL
) ENGINE=InnoDB DEFAULT CHARSET=utf8mb3;

--
-- Déchargement des données de la table `infos`
--

INSERT INTO `infos` (`id_pokemon`, `name`, `url`, `total`, `hp`, `attack`, `defense`, `special_attack`, `special_defense`, `speed`, `generations_id_generations`) VALUES
(1, 'Bulbasaur', 'https://img.pokemondb.net/artwork/bulbasaur.jpg', 1, 2, 3, 3, 4, 4, 2, 1),
(2, 'Ivysaur', 'https://img.pokemondb.net/artwork/ivysaur.jpg', 5, 6, 7, 8, 9, 9, 6, 1),
(3, 'Venusaur', 'https://img.pokemondb.net/artwork/venusaur.jpg', 10, 9, 11, 12, 13, 13, 9, 1),
(4, 'Charmander', 'https://img.pokemondb.net/artwork/charmander.jpg', 14, 15, 16, 17, 6, 18, 4, 1),
(5, 'Charmeleon', 'https://img.pokemondb.net/artwork/charmeleon.jpg', 5, 19, 20, 19, 9, 4, 9, 1),
(6, 'Charizard', 'https://img.pokemondb.net/artwork/charizard.jpg', 21, 22, 23, 22, 24, 25, 13, 1),
(7, 'Squirtle', 'https://img.pokemondb.net/artwork/squirtle.jpg', 26, 27, 28, 4, 18, 20, 17, 1),
(8, 'Wartortle', 'https://img.pokemondb.net/artwork/wartortle.jpg', 5, 29, 8, 9, 4, 9, 19, 1),
(9, 'Blastoise', 'https://img.pokemondb.net/artwork/blastoise.jpg', 30, 31, 12, 13, 25, 32, 22, 1),
(10, 'Caterpie', 'https://img.pokemondb.net/artwork/caterpie.jpg', 33, 2, 34, 35, 36, 36, 2, 1),
(11, 'Metapod', 'https://img.pokemondb.net/artwork/metapod.jpg', 37, 18, 36, 38, 39, 39, 34, 1),
(12, 'Butterfree', 'https://img.pokemondb.net/artwork/butterfree.jpg', 40, 6, 2, 18, 41, 9, 42, 1),
(13, 'Weedle', 'https://img.pokemondb.net/artwork/weedle.jpg', 33, 43, 35, 34, 36, 36, 18, 1),
(14, 'Kakuna', 'https://img.pokemondb.net/artwork/kakuna.jpg', 37, 2, 39, 18, 39, 39, 35, 1),
(15, 'Beedrill', 'https://img.pokemondb.net/artwork/beedrill.jpg', 40, 4, 41, 43, 2, 9, 44, 1),
(16, 'Pidgey', 'https://img.pokemondb.net/artwork/pidgey.jpg', 45, 43, 2, 43, 35, 35, 46, 1),
(17, 'Pidgeotto', 'https://img.pokemondb.net/artwork/pidgeotto.jpg', 47, 8, 6, 38, 18, 18, 48, 1),
(18, 'Pidgeot', 'https://img.pokemondb.net/artwork/pidgeot.jpg', 49, 12, 9, 44, 42, 42, 50, 1),
(19, 'Rattata', 'https://img.pokemondb.net/artwork/rattata.jpg', 51, 34, 46, 35, 39, 35, 52, 1),
(20, 'Raticate', 'https://img.pokemondb.net/artwork/raticate.jpg', 53, 38, 54, 6, 18, 42, 55, 1),
(21, 'Spearow', 'https://img.pokemondb.net/artwork/spearow.jpg', 56, 43, 6, 34, 57, 57, 42, 1),
(22, 'Fearow', 'https://img.pokemondb.net/artwork/fearow.jpg', 58, 4, 41, 4, 59, 59, 13, 1),
(23, 'Ekans', 'https://img.pokemondb.net/artwork/ekans.jpg', 60, 35, 6, 27, 43, 61, 38, 1),
(24, 'Arbok', 'https://img.pokemondb.net/artwork/arbok.jpg', 62, 6, 63, 64, 4, 31, 9, 1),
(25, 'Pikachu', 'https://img.pokemondb.net/artwork/pikachu.jpg', 65, 35, 38, 43, 18, 18, 41, 1),
(26, 'Raichu', 'https://img.pokemondb.net/artwork/raichu.jpg', 66, 6, 41, 38, 41, 9, 67, 1),
(27, 'Sandshrew', 'https://img.pokemondb.net/artwork/sandshrew.jpg', 68, 18, 44, 25, 36, 34, 43, 1),
(28, 'Sandslash', 'https://img.pokemondb.net/artwork/sandslash.jpg', 69, 44, 13, 67, 2, 38, 4, 1),
(29, 'Nidoran♀', 'https://img.pokemondb.net/artwork/nidoran-f.jpg', 70, 38, 71, 16, 43, 43, 72, 1),
(30, 'Nidorina', 'https://img.pokemondb.net/artwork/nidorina.jpg', 73, 42, 7, 74, 38, 38, 46, 1),
(31, 'Nidoqueen', 'https://img.pokemondb.net/artwork/nidoqueen.jpg', 75, 41, 76, 77, 44, 25, 78, 1),
(32, 'Nidoran♂', 'https://img.pokemondb.net/artwork/nidoran-m.jpg', 79, 80, 81, 43, 43, 43, 18, 1),
(33, 'Nidorino', 'https://img.pokemondb.net/artwork/nidorino.jpg', 73, 59, 52, 81, 38, 38, 4, 1),
(34, 'Nidoking', 'https://img.pokemondb.net/artwork/nidoking.jpg', 75, 54, 82, 83, 25, 44, 25, 1),
(35, 'Clefairy', 'https://img.pokemondb.net/artwork/clefairy.jpg', 84, 42, 2, 28, 6, 4, 35, 1),
(36, 'Clefable', 'https://img.pokemondb.net/artwork/clefable.jpg', 85, 63, 42, 86, 63, 41, 6, 1),
(37, 'Vulpix', 'https://img.pokemondb.net/artwork/vulpix.jpg', 87, 88, 72, 43, 18, 4, 4, 1),
(38, 'Ninetales', 'https://img.pokemondb.net/artwork/ninetales.jpg', 75, 86, 78, 44, 54, 13, 13, 1),
(39, 'Jigglypuff', 'https://img.pokemondb.net/artwork/jigglypuff.jpg', 89, 90, 2, 36, 2, 39, 36, 1),
(40, 'Wigglytuff', 'https://img.pokemondb.net/artwork/wigglytuff.jpg', 91, 92, 42, 2, 25, 18, 2, 1),
(41, 'Zubat', 'https://img.pokemondb.net/artwork/zubat.jpg', 93, 43, 2, 35, 34, 43, 38, 1),
(42, 'Golbat', 'https://img.pokemondb.net/artwork/golbat.jpg', 94, 44, 9, 42, 4, 44, 41, 1),
(43, 'Oddish', 'https://img.pokemondb.net/artwork/oddish.jpg', 65, 2, 18, 38, 44, 4, 34, 1),
(44, 'Gloom', 'https://img.pokemondb.net/artwork/gloom.jpg', 40, 6, 4, 42, 25, 44, 43, 1),
(45, 'Vileplume', 'https://img.pokemondb.net/artwork/vileplume.jpg', 95, 44, 9, 25, 67, 41, 18, 1),
(46, 'Paras', 'https://img.pokemondb.net/artwork/paras.jpg', 96, 35, 42, 38, 2, 38, 39, 1),
(47, 'Parasect', 'https://img.pokemondb.net/artwork/parasect.jpg', 5, 6, 63, 9, 6, 9, 34, 1),
(48, 'Venonat', 'https://img.pokemondb.net/artwork/venonat.jpg', 97, 6, 38, 18, 43, 38, 2, 1),
(49, 'Venomoth', 'https://img.pokemondb.net/artwork/venomoth.jpg', 69, 42, 4, 6, 41, 44, 41, 1),
(50, 'Diglett', 'https://img.pokemondb.net/artwork/diglett.jpg', 98, 99, 38, 39, 35, 2, 63, 1),
(51, 'Dugtrio', 'https://img.pokemondb.net/artwork/dugtrio.jpg', 100, 35, 13, 18, 18, 42, 101, 1),
(52, 'Meowth', 'https://img.pokemondb.net/artwork/meowth.jpg', 102, 43, 2, 35, 43, 43, 41, 1),
(53, 'Persian', 'https://img.pokemondb.net/artwork/persian.jpg', 103, 4, 42, 6, 4, 4, 90, 1),
(54, 'Psyduck', 'https://img.pokemondb.net/artwork/psyduck.jpg', 65, 18, 16, 28, 4, 18, 38, 1),
(55, 'Golduck', 'https://img.pokemondb.net/artwork/golduck.jpg', 104, 9, 11, 22, 63, 9, 25, 1),
(56, 'Mankey', 'https://img.pokemondb.net/artwork/mankey.jpg', 97, 43, 9, 35, 35, 2, 42, 1),
(57, 'Primeape', 'https://img.pokemondb.net/artwork/primeape.jpg', 94, 4, 32, 6, 6, 42, 63, 1),
(58, 'Growlithe', 'https://img.pokemondb.net/artwork/growlithe.jpg', 105, 38, 42, 2, 42, 18, 6, 1),
(59, 'Arcanine', 'https://img.pokemondb.net/artwork/arcanine.jpg', 106, 41, 67, 9, 13, 9, 63, 1),
(60, 'Poliwag', 'https://img.pokemondb.net/artwork/poliwag.jpg', 68, 43, 18, 43, 43, 43, 41, 1),
(61, 'Poliwhirl', 'https://img.pokemondb.net/artwork/poliwhirl.jpg', 107, 4, 4, 4, 18, 18, 41, 1),
(62, 'Poliwrath', 'https://img.pokemondb.net/artwork/poliwrath.jpg', 108, 41, 63, 63, 42, 41, 42, 1),
(63, 'Abra', 'https://img.pokemondb.net/artwork/abra.jpg', 109, 39, 36, 110, 32, 38, 41, 1),
(64, 'Kadabra', 'https://img.pokemondb.net/artwork/kadabra.jpg', 111, 43, 35, 34, 101, 42, 32, 1),
(65, 'Alakazam', 'https://img.pokemondb.net/artwork/alakazam.jpg', 104, 38, 18, 2, 112, 63, 101, 1),
(66, 'Machop', 'https://img.pokemondb.net/artwork/machop.jpg', 97, 42, 9, 18, 35, 35, 35, 1),
(67, 'Machoke', 'https://img.pokemondb.net/artwork/machoke.jpg', 5, 9, 13, 42, 18, 6, 2, 1),
(68, 'Machamp', 'https://img.pokemondb.net/artwork/machamp.jpg', 75, 41, 113, 9, 4, 25, 38, 1),
(69, 'Bellsprout', 'https://img.pokemondb.net/artwork/bellsprout.jpg', 68, 18, 44, 35, 42, 34, 43, 1),
(70, 'Weepinbell', 'https://img.pokemondb.net/artwork/weepinbell.jpg', 114, 4, 41, 18, 25, 2, 38, 1),
(71, 'Victreebel', 'https://img.pokemondb.net/artwork/victreebel.jpg', 95, 9, 32, 4, 13, 42, 42, 1),
(72, 'Tentacool', 'https://img.pokemondb.net/artwork/tentacool.jpg', 115, 43, 43, 35, 18, 13, 42, 1),
(73, 'Tentacruel', 'https://img.pokemondb.net/artwork/tentacruel.jpg', 116, 9, 42, 4, 9, 101, 13, 1),
(74, 'Geodude', 'https://img.pokemondb.net/artwork/geodude.jpg', 68, 43, 9, 13, 34, 34, 36, 1),
(75, 'Graveler', 'https://img.pokemondb.net/artwork/graveler.jpg', 114, 38, 63, 90, 2, 2, 35, 1),
(76, 'Golem', 'https://img.pokemondb.net/artwork/golem.jpg', 117, 9, 101, 113, 38, 4, 2, 1),
(77, 'Ponyta', 'https://img.pokemondb.net/artwork/ponyta.jpg', 118, 18, 25, 38, 4, 4, 41, 1),
(78, 'Rapidash', 'https://img.pokemondb.net/artwork/rapidash.jpg', 104, 4, 13, 42, 9, 9, 32, 1),
(79, 'Slowpoke', 'https://img.pokemondb.net/artwork/slowpoke.jpg', 119, 41, 4, 4, 43, 43, 110, 1),
(80, 'Slowbro', 'https://img.pokemondb.net/artwork/slowbro.jpg', 95, 63, 44, 67, 13, 9, 34, 1),
(81, 'Magnemite', 'https://img.pokemondb.net/artwork/magnemite.jpg', 120, 39, 35, 42, 63, 38, 2, 1),
(82, 'Magneton', 'https://img.pokemondb.net/artwork/magneton.jpg', 121, 18, 6, 63, 101, 42, 42, 1),
(83, 'Farfetch\'d', 'https://img.pokemondb.net/artwork/farfetchd.jpg', 122, 16, 41, 38, 19, 7, 6, 1),
(84, 'Doduo', 'https://img.pokemondb.net/artwork/doduo.jpg', 109, 35, 25, 2, 35, 35, 44, 1),
(85, 'Dodrio', 'https://img.pokemondb.net/artwork/dodrio.jpg', 123, 6, 67, 42, 6, 6, 67, 1),
(86, 'Seel', 'https://img.pokemondb.net/artwork/seel.jpg', 120, 4, 2, 38, 2, 42, 2, 1),
(87, 'Dewgong', 'https://img.pokemondb.net/artwork/dewgong.jpg', 124, 41, 42, 9, 42, 63, 42, 1),
(88, 'Grimer', 'https://img.pokemondb.net/artwork/grimer.jpg', 120, 9, 9, 18, 43, 18, 39, 1),
(89, 'Muk', 'https://img.pokemondb.net/artwork/muk.jpg', 104, 32, 32, 44, 4, 13, 18, 1),
(90, 'Shellder', 'https://img.pokemondb.net/artwork/shellder.jpg', 97, 34, 4, 13, 2, 39, 43, 1),
(91, 'Cloyster', 'https://img.pokemondb.net/artwork/cloyster.jpg', 10, 18, 63, 125, 25, 2, 42, 1),
(92, 'Gastly', 'https://img.pokemondb.net/artwork/gastly.jpg', 109, 34, 35, 34, 13, 35, 9, 1),
(93, 'Haunter', 'https://img.pokemondb.net/artwork/haunter.jpg', 5, 2, 18, 2, 90, 38, 63, 1),
(94, 'Gengar', 'https://img.pokemondb.net/artwork/gengar.jpg', 104, 6, 4, 6, 113, 44, 67, 1),
(95, 'Onix', 'https://img.pokemondb.net/artwork/onix.jpg', 107, 35, 2, 126, 34, 2, 42, 1),
(96, 'Drowzee', 'https://img.pokemondb.net/artwork/drowzee.jpg', 127, 6, 28, 2, 17, 41, 128, 1),
(97, 'Hypno', 'https://img.pokemondb.net/artwork/hypno.jpg', 85, 25, 86, 42, 86, 90, 74, 1),
(98, 'Krabby', 'https://img.pokemondb.net/artwork/krabby.jpg', 120, 34, 32, 41, 39, 39, 18, 1),
(99, 'Kingler', 'https://img.pokemondb.net/artwork/kingler.jpg', 124, 38, 113, 90, 18, 18, 44, 1),
(100, 'Voltorb', 'https://img.pokemondb.net/artwork/voltorb.jpg', 129, 43, 34, 18, 38, 38, 13, 1),
(101, 'Electrode', 'https://img.pokemondb.net/artwork/electrode.jpg', 95, 6, 18, 42, 9, 9, 130, 1),
(102, 'Exeggcute', 'https://img.pokemondb.net/artwork/exeggcute.jpg', 120, 6, 43, 9, 6, 2, 43, 1),
(103, 'Exeggutor', 'https://img.pokemondb.net/artwork/exeggutor.jpg', 30, 63, 63, 25, 131, 44, 38, 1),
(104, 'Cubone', 'https://img.pokemondb.net/artwork/cubone.jpg', 65, 18, 18, 63, 43, 18, 35, 1),
(105, 'Marowak', 'https://img.pokemondb.net/artwork/marowak.jpg', 100, 6, 9, 67, 18, 9, 2, 1),
(106, 'Hitmonlee', 'https://img.pokemondb.net/artwork/hitmonlee.jpg', 94, 18, 101, 132, 35, 67, 77, 1),
(107, 'Hitmonchan', 'https://img.pokemondb.net/artwork/hitmonchan.jpg', 94, 18, 32, 31, 35, 67, 78, 1),
(108, 'Lickitung', 'https://img.pokemondb.net/artwork/lickitung.jpg', 107, 41, 38, 44, 6, 44, 34, 1),
(109, 'Koffing', 'https://img.pokemondb.net/artwork/koffing.jpg', 133, 43, 4, 63, 6, 2, 35, 1),
(110, 'Weezing', 'https://img.pokemondb.net/artwork/weezing.jpg', 95, 4, 41, 101, 25, 42, 6, 1),
(111, 'Rhyhorn', 'https://img.pokemondb.net/artwork/rhyhorn.jpg', 134, 9, 25, 63, 34, 34, 39, 1),
(112, 'Rhydon', 'https://img.pokemondb.net/artwork/rhydon.jpg', 66, 32, 113, 101, 2, 2, 43, 1),
(113, 'Chansey', 'https://img.pokemondb.net/artwork/chansey.jpg', 69, 135, 136, 136, 35, 32, 18, 1),
(114, 'Tangela', 'https://img.pokemondb.net/artwork/tangela.jpg', 91, 4, 38, 90, 13, 43, 6, 1),
(115, 'Kangaskhan', 'https://img.pokemondb.net/artwork/kangaskhan.jpg', 95, 32, 63, 9, 43, 9, 41, 1),
(116, 'Horsea', 'https://img.pokemondb.net/artwork/horsea.jpg', 137, 34, 43, 42, 42, 39, 6, 1),
(117, 'Seadra', 'https://img.pokemondb.net/artwork/seadra.jpg', 103, 38, 4, 63, 63, 2, 25, 1),
(118, 'Goldeen', 'https://img.pokemondb.net/artwork/goldeen.jpg', 65, 2, 74, 6, 35, 18, 8, 1),
(119, 'Seaking', 'https://img.pokemondb.net/artwork/seaking.jpg', 69, 9, 76, 4, 4, 9, 138, 1),
(120, 'Staryu', 'https://img.pokemondb.net/artwork/staryu.jpg', 133, 34, 2, 38, 42, 38, 25, 1),
(121, 'Starmie', 'https://img.pokemondb.net/artwork/starmie.jpg', 139, 6, 44, 25, 13, 25, 90, 1),
(122, 'Mr. Mime', 'https://img.pokemondb.net/artwork/mr-mime.jpg', 140, 43, 2, 4, 13, 101, 41, 1),
(123, 'Scyther', 'https://img.pokemondb.net/artwork/scyther.jpg', 104, 42, 67, 9, 38, 9, 32, 1),
(124, 'Jynx', 'https://img.pokemondb.net/artwork/jynx.jpg', 94, 4, 18, 35, 90, 63, 63, 1),
(125, 'Electabuzz', 'https://img.pokemondb.net/artwork/electabuzz.jpg', 95, 4, 12, 81, 63, 25, 32, 1),
(126, 'Magmar', 'https://img.pokemondb.net/artwork/magmar.jpg', 117, 4, 63, 81, 13, 25, 141, 1),
(127, 'Pinsir', 'https://img.pokemondb.net/artwork/pinsir.jpg', 104, 4, 131, 13, 38, 42, 25, 1),
(128, 'Tauros', 'https://img.pokemondb.net/artwork/tauros.jpg', 95, 44, 13, 63, 43, 42, 67, 1),
(129, 'Magikarp', 'https://img.pokemondb.net/artwork/magikarp.jpg', 142, 36, 99, 38, 110, 36, 9, 1),
(130, 'Gyarados', 'https://img.pokemondb.net/artwork/gyarados.jpg', 143, 63, 131, 31, 6, 13, 54, 1),
(131, 'Lapras', 'https://img.pokemondb.net/artwork/lapras.jpg', 144, 113, 25, 9, 25, 63, 6, 1),
(132, 'Ditto', 'https://img.pokemondb.net/artwork/ditto.jpg', 60, 28, 28, 28, 28, 28, 28, 1),
(133, 'Eevee', 'https://img.pokemondb.net/artwork/eevee.jpg', 120, 38, 38, 18, 2, 4, 38, 1),
(134, 'Vaporeon', 'https://img.pokemondb.net/artwork/vaporeon.jpg', 10, 113, 4, 6, 67, 63, 4, 1),
(135, 'Jolteon', 'https://img.pokemondb.net/artwork/jolteon.jpg', 10, 4, 4, 6, 67, 63, 113, 1),
(136, 'Flareon', 'https://img.pokemondb.net/artwork/flareon.jpg', 10, 4, 113, 6, 63, 67, 4, 1),
(137, 'Porygon', 'https://img.pokemondb.net/artwork/porygon.jpg', 40, 4, 6, 42, 25, 44, 43, 1),
(138, 'Omanyte', 'https://img.pokemondb.net/artwork/omanyte.jpg', 145, 35, 43, 13, 41, 38, 35, 1),
(139, 'Omastar', 'https://img.pokemondb.net/artwork/omastar.jpg', 117, 42, 6, 131, 90, 42, 38, 1),
(140, 'Kabuto', 'https://img.pokemondb.net/artwork/kabuto.jpg', 145, 34, 9, 41, 38, 2, 38, 1),
(141, 'Kabutops', 'https://img.pokemondb.net/artwork/kabutops.jpg', 117, 6, 90, 32, 4, 42, 9, 1),
(142, 'Aerodactyl', 'https://img.pokemondb.net/artwork/aerodactyl.jpg', 116, 9, 32, 4, 6, 44, 113, 1),
(143, 'Snorlax', 'https://img.pokemondb.net/artwork/snorlax.jpg', 143, 126, 67, 4, 4, 67, 34, 1),
(144, 'Articuno', 'https://img.pokemondb.net/artwork/articuno.jpg', 146, 41, 25, 13, 63, 131, 25, 1),
(145, 'Zapdos', 'https://img.pokemondb.net/artwork/zapdos.jpg', 146, 41, 41, 25, 131, 41, 13, 1),
(146, 'Moltres', 'https://img.pokemondb.net/artwork/moltres.jpg', 146, 41, 13, 41, 131, 25, 41, 1),
(147, 'Dratini', 'https://img.pokemondb.net/artwork/dratini.jpg', 68, 72, 20, 2, 18, 18, 18, 1),
(148, 'Dragonair', 'https://img.pokemondb.net/artwork/dragonair.jpg', 147, 59, 23, 4, 42, 42, 42, 1),
(149, 'Dragonite', 'https://img.pokemondb.net/artwork/dragonite.jpg', 148, 149, 150, 63, 13, 13, 9, 1),
(150, 'Mewtwo', 'https://img.pokemondb.net/artwork/mewtwo.jpg', 151, 152, 67, 41, 153, 41, 113, 1),
(151, 'Mew', 'https://img.pokemondb.net/artwork/mew.jpg', 148, 13, 13, 13, 13, 13, 13, 1),
(152, 'Chikorita', 'https://img.pokemondb.net/artwork/chikorita.jpg', 1, 2, 3, 4, 3, 4, 2, 2),
(153, 'Bayleef', 'https://img.pokemondb.net/artwork/bayleef.jpg', 5, 6, 7, 9, 8, 9, 6, 2),
(154, 'Meganium', 'https://img.pokemondb.net/artwork/meganium.jpg', 10, 9, 11, 13, 12, 13, 9, 2),
(155, 'Cyndaquil', 'https://img.pokemondb.net/artwork/cyndaquil.jpg', 14, 15, 16, 17, 6, 18, 4, 2),
(156, 'Quilava', 'https://img.pokemondb.net/artwork/quilava.jpg', 5, 19, 20, 19, 9, 4, 9, 2),
(157, 'Typhlosion', 'https://img.pokemondb.net/artwork/typhlosion.jpg', 21, 22, 23, 22, 24, 25, 13, 2),
(158, 'Totodile', 'https://img.pokemondb.net/artwork/totodile.jpg', 26, 18, 4, 20, 27, 28, 17, 2),
(159, 'Croconaw', 'https://img.pokemondb.net/artwork/croconaw.jpg', 5, 4, 9, 9, 29, 8, 19, 2),
(160, 'Feraligatr', 'https://img.pokemondb.net/artwork/feraligatr.jpg', 30, 25, 32, 13, 31, 12, 22, 2),
(161, 'Sentret', 'https://img.pokemondb.net/artwork/sentret.jpg', 154, 35, 80, 155, 35, 2, 36, 2),
(162, 'Furret', 'https://img.pokemondb.net/artwork/furret.jpg', 156, 25, 78, 20, 2, 38, 41, 2),
(163, 'Hoothoot', 'https://img.pokemondb.net/artwork/hoothoot.jpg', 56, 6, 34, 34, 157, 46, 18, 2),
(164, 'Noctowl', 'https://img.pokemondb.net/artwork/noctowl.jpg', 158, 13, 18, 18, 159, 160, 42, 2),
(165, 'Ledyba', 'https://img.pokemondb.net/artwork/ledyba.jpg', 98, 43, 36, 34, 43, 9, 38, 2),
(166, 'Ledian', 'https://img.pokemondb.net/artwork/ledian.jpg', 114, 38, 35, 18, 38, 67, 25, 2),
(167, 'Spinarak', 'https://img.pokemondb.net/artwork/spinarak.jpg', 135, 43, 6, 43, 43, 43, 34, 2),
(168, 'Ariados', 'https://img.pokemondb.net/artwork/ariados.jpg', 111, 42, 41, 42, 6, 42, 43, 2),
(169, 'Crobat', 'https://img.pokemondb.net/artwork/crobat.jpg', 144, 25, 41, 9, 42, 9, 113, 2),
(170, 'Chinchou', 'https://img.pokemondb.net/artwork/chinchou.jpg', 129, 44, 88, 88, 46, 46, 74, 2),
(171, 'Lanturn', 'https://img.pokemondb.net/artwork/lanturn.jpg', 140, 131, 19, 19, 78, 78, 74, 2),
(172, 'Pichu', 'https://img.pokemondb.net/artwork/pichu.jpg', 37, 36, 43, 110, 35, 35, 6, 2),
(173, 'Cleffa', 'https://img.pokemondb.net/artwork/cleffa.jpg', 161, 18, 39, 162, 2, 38, 110, 2),
(174, 'Igglybuff', 'https://img.pokemondb.net/artwork/igglybuff.jpg', 163, 41, 34, 110, 43, 36, 110, 2),
(175, 'Togepi', 'https://img.pokemondb.net/artwork/togepi.jpg', 93, 35, 36, 4, 43, 4, 36, 2),
(176, 'Togetic', 'https://img.pokemondb.net/artwork/togetic.jpg', 5, 38, 43, 25, 9, 32, 43, 2),
(177, 'Natu', 'https://img.pokemondb.net/artwork/natu.jpg', 65, 43, 18, 2, 42, 2, 42, 2),
(178, 'Xatu', 'https://img.pokemondb.net/artwork/xatu.jpg', 123, 4, 44, 42, 63, 42, 63, 2),
(179, 'Mareep', 'https://img.pokemondb.net/artwork/mareep.jpg', 164, 38, 43, 43, 4, 2, 35, 2),
(180, 'Flaaffy', 'https://img.pokemondb.net/artwork/flaaffy.jpg', 73, 42, 38, 38, 9, 6, 2, 2),
(181, 'Ampharos', 'https://img.pokemondb.net/artwork/ampharos.jpg', 108, 41, 44, 25, 90, 41, 38, 2),
(182, 'Bellossom', 'https://img.pokemondb.net/artwork/bellossom.jpg', 95, 44, 9, 63, 41, 13, 18, 2),
(183, 'Marill', 'https://img.pokemondb.net/artwork/marill.jpg', 135, 42, 36, 18, 36, 18, 43, 2),
(184, 'Azumarill', 'https://img.pokemondb.net/artwork/azumarill.jpg', 147, 13, 18, 9, 6, 9, 18, 2),
(185, 'Sudowoodo', 'https://img.pokemondb.net/artwork/sudowoodo.jpg', 118, 42, 13, 90, 34, 4, 34, 2),
(186, 'Politoed', 'https://img.pokemondb.net/artwork/politoed.jpg', 104, 41, 44, 44, 41, 13, 42, 2),
(187, 'Hoppip', 'https://img.pokemondb.net/artwork/hoppip.jpg', 135, 35, 35, 43, 35, 38, 18, 2),
(188, 'Skiploom', 'https://img.pokemondb.net/artwork/skiploom.jpg', 133, 38, 2, 18, 2, 4, 9, 2),
(189, 'Jumpluff', 'https://img.pokemondb.net/artwork/jumpluff.jpg', 140, 44, 38, 42, 38, 63, 67, 2),
(190, 'Aipom', 'https://img.pokemondb.net/artwork/aipom.jpg', 165, 38, 42, 38, 43, 38, 25, 2),
(191, 'Sunkern', 'https://img.pokemondb.net/artwork/sunkern.jpg', 125, 34, 34, 34, 34, 34, 34, 2),
(192, 'Sunflora', 'https://img.pokemondb.net/artwork/sunflora.jpg', 100, 44, 44, 38, 32, 25, 34, 2),
(193, 'Yanma', 'https://img.pokemondb.net/artwork/yanma.jpg', 114, 4, 4, 2, 44, 2, 63, 2),
(194, 'Wooper', 'https://img.pokemondb.net/artwork/wooper.jpg', 163, 38, 2, 2, 39, 39, 110, 2),
(195, 'Quagsire', 'https://img.pokemondb.net/artwork/quagsire.jpg', 166, 63, 25, 25, 4, 4, 35, 2),
(196, 'Espeon', 'https://img.pokemondb.net/artwork/espeon.jpg', 10, 4, 4, 6, 113, 63, 67, 2),
(197, 'Umbreon', 'https://img.pokemondb.net/artwork/umbreon.jpg', 10, 63, 4, 67, 6, 113, 4, 2),
(198, 'Murkrow', 'https://img.pokemondb.net/artwork/murkrow.jpg', 5, 6, 25, 128, 25, 128, 149, 2),
(199, 'Slowking', 'https://img.pokemondb.net/artwork/slowking.jpg', 95, 63, 44, 9, 13, 67, 34, 2),
(200, 'Misdreavus', 'https://img.pokemondb.net/artwork/misdreavus.jpg', 91, 6, 6, 6, 25, 25, 25, 2),
(201, 'Unown', 'https://img.pokemondb.net/artwork/unown.jpg', 167, 28, 52, 28, 52, 28, 28, 2),
(202, 'Wobbuffet', 'https://img.pokemondb.net/artwork/wobbuffet.jpg', 5, 168, 169, 19, 169, 19, 169, 2),
(203, 'Girafarig', 'https://img.pokemondb.net/artwork/girafarig.jpg', 94, 42, 9, 4, 41, 4, 25, 2),
(204, 'Pineco', 'https://img.pokemondb.net/artwork/pineco.jpg', 102, 18, 4, 41, 35, 35, 110, 2),
(205, 'Forretress', 'https://img.pokemondb.net/artwork/forretress.jpg', 121, 44, 41, 92, 6, 6, 43, 2),
(206, 'Dunsparce', 'https://img.pokemondb.net/artwork/dunsparce.jpg', 156, 13, 42, 42, 4, 4, 2, 2),
(207, 'Gligar', 'https://img.pokemondb.net/artwork/gligar.jpg', 166, 4, 44, 32, 35, 4, 25, 2),
(208, 'Steelix', 'https://img.pokemondb.net/artwork/steelix.jpg', 108, 44, 25, 142, 38, 4, 34, 2),
(209, 'Snubbull', 'https://img.pokemondb.net/artwork/snubbull.jpg', 68, 6, 9, 18, 43, 43, 34, 2),
(210, 'Granbull', 'https://img.pokemondb.net/artwork/granbull.jpg', 69, 41, 101, 44, 6, 6, 2, 2),
(211, 'Qwilfish', 'https://img.pokemondb.net/artwork/qwilfish.jpg', 103, 4, 63, 25, 38, 38, 25, 2),
(212, 'Scizor', 'https://img.pokemondb.net/artwork/scizor.jpg', 104, 42, 113, 13, 38, 9, 4, 2),
(213, 'Shuckle', 'https://img.pokemondb.net/artwork/shuckle.jpg', 75, 36, 99, 170, 99, 170, 136, 2),
(214, 'Heracross', 'https://img.pokemondb.net/artwork/heracross.jpg', 104, 9, 131, 44, 43, 63, 25, 2),
(215, 'Sneasel', 'https://img.pokemondb.net/artwork/sneasel.jpg', 166, 38, 63, 38, 35, 44, 90, 2),
(216, 'Teddiursa', 'https://img.pokemondb.net/artwork/teddiursa.jpg', 129, 6, 9, 18, 18, 18, 43, 2),
(217, 'Ursaring', 'https://img.pokemondb.net/artwork/ursaring.jpg', 104, 41, 113, 44, 44, 44, 38, 2),
(218, 'Slugma', 'https://img.pokemondb.net/artwork/slugma.jpg', 135, 43, 43, 43, 42, 43, 36, 2),
(219, 'Magcargo', 'https://img.pokemondb.net/artwork/magcargo.jpg', 166, 6, 18, 101, 41, 9, 34, 2),
(220, 'Swinub', 'https://img.pokemondb.net/artwork/swinub.jpg', 135, 18, 18, 43, 34, 34, 18, 2),
(221, 'Piloswine', 'https://img.pokemondb.net/artwork/piloswine.jpg', 69, 13, 13, 9, 6, 6, 18, 2),
(222, 'Corsola', 'https://img.pokemondb.net/artwork/corsola.jpg', 118, 4, 38, 63, 4, 63, 35, 2),
(223, 'Remoraid', 'https://img.pokemondb.net/artwork/remoraid.jpg', 68, 35, 4, 35, 4, 35, 4, 2),
(224, 'Octillery', 'https://img.pokemondb.net/artwork/octillery.jpg', 171, 44, 32, 44, 32, 44, 2, 2),
(225, 'Delibird', 'https://img.pokemondb.net/artwork/delibird.jpg', 129, 2, 38, 2, 4, 2, 44, 2),
(226, 'Mantine', 'https://img.pokemondb.net/artwork/mantine.jpg', 66, 25, 43, 42, 9, 92, 42, 2),
(227, 'Skarmory', 'https://img.pokemondb.net/artwork/skarmory.jpg', 121, 4, 9, 92, 43, 42, 42, 2),
(228, 'Houndour', 'https://img.pokemondb.net/artwork/houndour.jpg', 129, 2, 6, 34, 9, 18, 4, 2),
(229, 'Houndoom', 'https://img.pokemondb.net/artwork/houndoom.jpg', 104, 44, 41, 18, 67, 9, 63, 2),
(230, 'Kingdra', 'https://img.pokemondb.net/artwork/kingdra.jpg', 143, 44, 63, 63, 63, 63, 25, 2),
(231, 'Phanpy', 'https://img.pokemondb.net/artwork/phanpy.jpg', 129, 41, 6, 6, 43, 43, 43, 2),
(232, 'Donphan', 'https://img.pokemondb.net/artwork/donphan.jpg', 104, 41, 101, 101, 6, 6, 18, 2),
(233, 'Porygon2', 'https://img.pokemondb.net/artwork/porygon2.jpg', 116, 25, 9, 41, 32, 63, 6, 2),
(234, 'Stantler', 'https://img.pokemondb.net/artwork/stantler.jpg', 121, 86, 63, 7, 25, 4, 25, 2),
(235, 'Smeargle', 'https://img.pokemondb.net/artwork/smeargle.jpg', 135, 38, 36, 35, 36, 2, 44, 2),
(236, 'Tyrogue', 'https://img.pokemondb.net/artwork/tyrogue.jpg', 163, 35, 35, 35, 35, 35, 35, 2),
(237, 'Hitmontop', 'https://img.pokemondb.net/artwork/hitmontop.jpg', 94, 18, 63, 63, 35, 67, 42, 2),
(238, 'Smoochum', 'https://img.pokemondb.net/artwork/smoochum.jpg', 97, 2, 34, 110, 25, 4, 4, 2),
(239, 'Elekid', 'https://img.pokemondb.net/artwork/elekid.jpg', 165, 2, 8, 172, 4, 38, 63, 2),
(240, 'Magby', 'https://img.pokemondb.net/artwork/magby.jpg', 73, 2, 44, 172, 42, 38, 12, 2),
(241, 'Miltank', 'https://img.pokemondb.net/artwork/miltank.jpg', 95, 63, 9, 32, 43, 42, 13, 2),
(242, 'Blissey', 'https://img.pokemondb.net/artwork/blissey.jpg', 143, 173, 99, 99, 44, 112, 38, 2),
(243, 'Raikou', 'https://img.pokemondb.net/artwork/raikou.jpg', 146, 41, 25, 44, 90, 13, 90, 2),
(244, 'Entei', 'https://img.pokemondb.net/artwork/entei.jpg', 146, 90, 90, 25, 41, 44, 13, 2),
(245, 'Suicune', 'https://img.pokemondb.net/artwork/suicune.jpg', 146, 13, 44, 90, 41, 90, 25, 2),
(246, 'Larvitar', 'https://img.pokemondb.net/artwork/larvitar.jpg', 68, 18, 20, 18, 2, 18, 72, 2),
(247, 'Pupitar', 'https://img.pokemondb.net/artwork/pupitar.jpg', 118, 42, 23, 42, 4, 42, 174, 2),
(248, 'Tyranitar', 'https://img.pokemondb.net/artwork/tyranitar.jpg', 148, 13, 150, 67, 63, 13, 59, 2),
(249, 'Lugia', 'https://img.pokemondb.net/artwork/lugia.jpg', 151, 152, 41, 113, 41, 153, 67, 2),
(250, 'Ho-oh', 'https://img.pokemondb.net/artwork/ho-oh.jpg', 151, 152, 113, 41, 67, 153, 41, 2),
(251, 'Celebi', 'https://img.pokemondb.net/artwork/celebi.jpg', 148, 13, 13, 13, 13, 13, 13, 2),
(252, 'Treecko', 'https://img.pokemondb.net/artwork/treecko.jpg', 109, 43, 2, 35, 4, 38, 42, 3),
(253, 'Grovyle', 'https://img.pokemondb.net/artwork/grovyle.jpg', 5, 18, 4, 2, 25, 4, 63, 3),
(254, 'Sceptile', 'https://img.pokemondb.net/artwork/sceptile.jpg', 30, 42, 25, 4, 32, 25, 101, 3),
(255, 'Torchic', 'https://img.pokemondb.net/artwork/torchic.jpg', 109, 2, 6, 43, 42, 18, 2, 3),
(256, 'Combusken', 'https://img.pokemondb.net/artwork/combusken.jpg', 5, 6, 25, 6, 25, 6, 38, 3),
(257, 'Blaziken', 'https://img.pokemondb.net/artwork/blaziken.jpg', 30, 9, 101, 42, 67, 42, 9, 3),
(258, 'Mudkip', 'https://img.pokemondb.net/artwork/mudkip.jpg', 109, 18, 42, 18, 18, 18, 43, 3),
(259, 'Marshtomp', 'https://img.pokemondb.net/artwork/marshtomp.jpg', 5, 42, 25, 42, 6, 42, 18, 3),
(260, 'Swampert', 'https://img.pokemondb.net/artwork/swampert.jpg', 144, 13, 67, 41, 25, 41, 6, 3),
(261, 'Poochyena', 'https://img.pokemondb.net/artwork/poochyena.jpg', 175, 35, 38, 35, 34, 34, 35, 3),
(262, 'Mightyena', 'https://img.pokemondb.net/artwork/mightyena.jpg', 147, 42, 41, 42, 6, 6, 42, 3),
(263, 'Zigzagoon', 'https://img.pokemondb.net/artwork/zigzagoon.jpg', 176, 88, 34, 72, 34, 72, 6, 3),
(264, 'Linoone', 'https://img.pokemondb.net/artwork/linoone.jpg', 147, 22, 42, 59, 18, 59, 13, 3),
(265, 'Wurmple', 'https://img.pokemondb.net/artwork/wurmple.jpg', 33, 2, 2, 35, 36, 34, 36, 3),
(266, 'Silcoon', 'https://img.pokemondb.net/artwork/silcoon.jpg', 37, 18, 35, 38, 39, 39, 110, 3),
(267, 'Beautifly', 'https://img.pokemondb.net/artwork/beautifly.jpg', 40, 6, 42, 18, 13, 18, 4, 3),
(268, 'Cascoon', 'https://img.pokemondb.net/artwork/cascoon.jpg', 37, 18, 35, 38, 39, 39, 110, 3),
(269, 'Dustox', 'https://img.pokemondb.net/artwork/dustox.jpg', 107, 6, 18, 42, 18, 41, 4, 3),
(270, 'Lotad', 'https://img.pokemondb.net/artwork/lotad.jpg', 175, 43, 34, 34, 43, 18, 34, 3),
(271, 'Lombre', 'https://img.pokemondb.net/artwork/lombre.jpg', 133, 6, 18, 18, 6, 42, 18, 3),
(272, 'Ludicolo', 'https://img.pokemondb.net/artwork/ludicolo.jpg', 171, 9, 42, 42, 41, 13, 42, 3),
(273, 'Seedot', 'https://img.pokemondb.net/artwork/seedot.jpg', 175, 43, 43, 18, 34, 34, 34, 3),
(274, 'Nuzleaf', 'https://img.pokemondb.net/artwork/nuzleaf.jpg', 133, 42, 42, 43, 6, 43, 6, 3),
(275, 'Shiftry', 'https://img.pokemondb.net/artwork/shiftry.jpg', 171, 41, 13, 6, 41, 6, 9, 3),
(276, 'Taillow', 'https://img.pokemondb.net/artwork/taillow.jpg', 89, 43, 38, 34, 34, 34, 25, 3),
(277, 'Swellow', 'https://img.pokemondb.net/artwork/swellow.jpg', 94, 6, 25, 6, 44, 18, 131, 3),
(278, 'Wingull', 'https://img.pokemondb.net/artwork/wingull.jpg', 89, 43, 34, 34, 38, 34, 25, 3),
(279, 'Pelipper', 'https://img.pokemondb.net/artwork/pelipper.jpg', 103, 6, 18, 13, 63, 42, 4, 3),
(280, 'Ralts', 'https://img.pokemondb.net/artwork/ralts.jpg', 177, 162, 39, 39, 2, 35, 43, 3),
(281, 'Kirlia', 'https://img.pokemondb.net/artwork/kirlia.jpg', 178, 88, 35, 35, 4, 38, 18, 3),
(282, 'Gardevoir', 'https://img.pokemondb.net/artwork/gardevoir.jpg', 179, 138, 4, 4, 131, 90, 9, 3),
(283, 'Surskit', 'https://img.pokemondb.net/artwork/surskit.jpg', 180, 43, 34, 181, 18, 16, 4, 3),
(284, 'Masquerain', 'https://img.pokemondb.net/artwork/masquerain.jpg', 182, 42, 6, 7, 13, 11, 9, 3),
(285, 'Shroomish', 'https://img.pokemondb.net/artwork/shroomish.jpg', 137, 6, 43, 6, 43, 6, 35, 3),
(286, 'Breloom', 'https://img.pokemondb.net/artwork/breloom.jpg', 140, 6, 113, 9, 6, 6, 42, 3),
(287, 'Slakoth', 'https://img.pokemondb.net/artwork/slakoth.jpg', 164, 6, 6, 6, 35, 35, 34, 3),
(288, 'Vigoroth', 'https://img.pokemondb.net/artwork/vigoroth.jpg', 103, 9, 9, 9, 38, 38, 41, 3),
(289, 'Slaking', 'https://img.pokemondb.net/artwork/slaking.jpg', 183, 130, 126, 13, 63, 4, 13, 3),
(290, 'Nincada', 'https://img.pokemondb.net/artwork/nincada.jpg', 184, 57, 2, 41, 34, 34, 43, 3),
(291, 'Ninjask', 'https://img.pokemondb.net/artwork/ninjask.jpg', 185, 59, 41, 2, 18, 18, 126, 3),
(292, 'Shedinja', 'https://img.pokemondb.net/artwork/shedinja.jpg', 186, 187, 41, 2, 34, 34, 43, 3),
(293, 'Whismur', 'https://img.pokemondb.net/artwork/whismur.jpg', 176, 20, 174, 188, 174, 188, 162, 3),
(294, 'Loudred', 'https://img.pokemondb.net/artwork/loudred.jpg', 165, 23, 48, 17, 48, 17, 28, 3),
(295, 'Exploud', 'https://img.pokemondb.net/artwork/exploud.jpg', 95, 189, 149, 8, 149, 86, 138, 3),
(296, 'Makuhita', 'https://img.pokemondb.net/artwork/makuhita.jpg', 190, 52, 6, 34, 36, 34, 39, 3),
(297, 'Hariyama', 'https://img.pokemondb.net/artwork/hariyama.jpg', 191, 192, 101, 6, 43, 6, 18, 3),
(298, 'Azurill', 'https://img.pokemondb.net/artwork/azurill.jpg', 168, 18, 36, 43, 36, 43, 36, 3),
(299, 'Nosepass', 'https://img.pokemondb.net/artwork/nosepass.jpg', 193, 34, 2, 112, 2, 41, 34, 3),
(300, 'Skitty', 'https://img.pokemondb.net/artwork/skitty.jpg', 194, 18, 2, 2, 35, 35, 18, 3),
(301, 'Delcatty', 'https://img.pokemondb.net/artwork/delcatty.jpg', 111, 42, 4, 4, 38, 38, 41, 3),
(302, 'Sableye', 'https://img.pokemondb.net/artwork/sableye.jpg', 195, 18, 44, 44, 4, 4, 18, 3),
(303, 'Mawile', 'https://img.pokemondb.net/artwork/mawile.jpg', 195, 18, 25, 25, 38, 38, 18, 3),
(304, 'Aron', 'https://img.pokemondb.net/artwork/aron.jpg', 129, 18, 42, 13, 43, 43, 34, 3),
(305, 'Lairon', 'https://img.pokemondb.net/artwork/lairon.jpg', 166, 6, 41, 92, 18, 18, 43, 3),
(306, 'Aggron', 'https://img.pokemondb.net/artwork/aggron.jpg', 30, 42, 67, 125, 6, 6, 18, 3),
(307, 'Meditite', 'https://img.pokemondb.net/artwork/meditite.jpg', 164, 34, 43, 38, 43, 38, 6, 3),
(308, 'Medicham', 'https://img.pokemondb.net/artwork/medicham.jpg', 118, 6, 6, 44, 6, 44, 9, 3),
(309, 'Electrike', 'https://img.pokemondb.net/artwork/electrike.jpg', 137, 43, 2, 43, 4, 43, 4, 3),
(310, 'Manectric', 'https://img.pokemondb.net/artwork/manectric.jpg', 124, 42, 44, 6, 32, 6, 32, 3),
(311, 'Plusle', 'https://img.pokemondb.net/artwork/plusle.jpg', 5, 6, 18, 43, 25, 44, 63, 3),
(312, 'Minun', 'https://img.pokemondb.net/artwork/minun.jpg', 5, 6, 43, 18, 44, 25, 63, 3),
(313, 'Volbeat', 'https://img.pokemondb.net/artwork/volbeat.jpg', 166, 4, 86, 44, 71, 25, 25, 3),
(314, 'Illumise', 'https://img.pokemondb.net/artwork/illumise.jpg', 166, 4, 71, 44, 86, 25, 25, 3),
(315, 'Roselia', 'https://img.pokemondb.net/artwork/roselia.jpg', 111, 18, 6, 2, 13, 9, 4, 3),
(316, 'Gulpin', 'https://img.pokemondb.net/artwork/gulpin.jpg', 196, 42, 17, 132, 17, 132, 43, 3),
(317, 'Swalot', 'https://img.pokemondb.net/artwork/swalot.jpg', 197, 13, 86, 12, 86, 12, 38, 3),
(318, 'Carvanha', 'https://img.pokemondb.net/artwork/carvanha.jpg', 97, 2, 41, 36, 4, 36, 4, 3),
(319, 'Sharpedo', 'https://img.pokemondb.net/artwork/sharpedo.jpg', 140, 42, 101, 43, 63, 43, 63, 3),
(320, 'Wailmer', 'https://img.pokemondb.net/artwork/wailmer.jpg', 111, 113, 42, 35, 42, 35, 6, 3),
(321, 'Wailord', 'https://img.pokemondb.net/artwork/wailord.jpg', 104, 198, 41, 2, 41, 2, 6, 3),
(322, 'Numel', 'https://img.pokemondb.net/artwork/numel.jpg', 97, 6, 6, 43, 4, 2, 35, 3),
(323, 'Camerupt', 'https://img.pokemondb.net/artwork/camerupt.jpg', 140, 42, 13, 42, 32, 44, 43, 3),
(324, 'Torkoal', 'https://img.pokemondb.net/artwork/torkoal.jpg', 123, 42, 25, 92, 25, 42, 36, 3),
(325, 'Spoink', 'https://img.pokemondb.net/artwork/spoink.jpg', 129, 6, 39, 35, 42, 9, 6, 3),
(326, 'Grumpig', 'https://img.pokemondb.net/artwork/grumpig.jpg', 123, 9, 2, 4, 41, 67, 9, 3),
(327, 'Spinda', 'https://img.pokemondb.net/artwork/spinda.jpg', 165, 6, 6, 6, 6, 6, 6, 3),
(328, 'Trapinch', 'https://img.pokemondb.net/artwork/trapinch.jpg', 102, 2, 13, 2, 2, 2, 99, 3),
(329, 'Vibrava', 'https://img.pokemondb.net/artwork/vibrava.jpg', 133, 18, 42, 18, 18, 18, 42, 3),
(330, 'Flygon', 'https://img.pokemondb.net/artwork/flygon.jpg', 139, 9, 13, 9, 9, 9, 13, 3),
(331, 'Cacnea', 'https://img.pokemondb.net/artwork/cacnea.jpg', 115, 18, 25, 43, 25, 43, 35, 3),
(332, 'Cacturne', 'https://img.pokemondb.net/artwork/cacturne.jpg', 124, 42, 90, 6, 90, 6, 38, 3),
(333, 'Swablu', 'https://img.pokemondb.net/artwork/swablu.jpg', 109, 2, 43, 6, 43, 44, 18, 3),
(334, 'Altaria', 'https://img.pokemondb.net/artwork/altaria.jpg', 95, 44, 42, 41, 42, 32, 9, 3),
(335, 'Zangoose', 'https://img.pokemondb.net/artwork/zangoose.jpg', 199, 86, 90, 6, 6, 6, 41, 3),
(336, 'Seviper', 'https://img.pokemondb.net/artwork/seviper.jpg', 199, 86, 13, 6, 13, 6, 4, 3),
(337, 'Lunatone', 'https://img.pokemondb.net/artwork/lunatone.jpg', 140, 41, 38, 4, 63, 25, 42, 3),
(338, 'Solrock', 'https://img.pokemondb.net/artwork/solrock.jpg', 140, 41, 63, 25, 38, 4, 42, 3),
(339, 'Barboach', 'https://img.pokemondb.net/artwork/barboach.jpg', 60, 18, 28, 17, 80, 72, 6, 3),
(340, 'Whiscash', 'https://img.pokemondb.net/artwork/whiscash.jpg', 200, 67, 22, 86, 78, 48, 6, 3),
(341, 'Corphish', 'https://img.pokemondb.net/artwork/corphish.jpg', 201, 17, 9, 4, 18, 35, 35, 3),
(342, 'Crawdaunt', 'https://img.pokemondb.net/artwork/crawdaunt.jpg', 200, 8, 101, 25, 41, 38, 38, 3),
(343, 'Baltoy', 'https://img.pokemondb.net/artwork/baltoy.jpg', 68, 43, 43, 38, 43, 42, 38, 3),
(344, 'Claydol', 'https://img.pokemondb.net/artwork/claydol.jpg', 104, 6, 42, 32, 42, 101, 44, 3),
(345, 'Lileep', 'https://img.pokemondb.net/artwork/lileep.jpg', 145, 202, 72, 83, 59, 77, 188, 3),
(346, 'Cradily', 'https://img.pokemondb.net/artwork/cradily.jpg', 117, 159, 54, 55, 54, 203, 17, 3),
(347, 'Anorith', 'https://img.pokemondb.net/artwork/anorith.jpg', 145, 2, 63, 18, 43, 18, 44, 3),
(348, 'Armaldo', 'https://img.pokemondb.net/artwork/armaldo.jpg', 117, 44, 131, 13, 42, 9, 2, 3),
(349, 'Feebas', 'https://img.pokemondb.net/artwork/feebas.jpg', 142, 36, 110, 36, 99, 38, 9, 3),
(350, 'Milotic', 'https://img.pokemondb.net/artwork/milotic.jpg', 143, 63, 6, 31, 13, 131, 54, 3),
(351, 'Castform', 'https://img.pokemondb.net/artwork/castform.jpg', 147, 42, 42, 42, 42, 42, 42, 3),
(352, 'Kecleon', 'https://img.pokemondb.net/artwork/kecleon.jpg', 103, 6, 41, 42, 6, 101, 43, 3),
(353, 'Shuppet', 'https://img.pokemondb.net/artwork/shuppet.jpg', 137, 27, 44, 35, 8, 169, 2, 3),
(354, 'Banette', 'https://img.pokemondb.net/artwork/banette.jpg', 94, 20, 90, 4, 12, 8, 4, 3),
(355, 'Duskull', 'https://img.pokemondb.net/artwork/duskull.jpg', 137, 36, 43, 41, 34, 41, 39, 3),
(356, 'Dusclops', 'https://img.pokemondb.net/artwork/dusclops.jpg', 94, 43, 42, 113, 6, 113, 39, 3),
(357, 'Tropius', 'https://img.pokemondb.net/artwork/tropius.jpg', 140, 204, 138, 12, 52, 77, 174, 3),
(358, 'Chimecho', 'https://img.pokemondb.net/artwork/chimecho.jpg', 94, 44, 18, 9, 63, 41, 4, 3),
(359, 'Absol', 'https://img.pokemondb.net/artwork/absol.jpg', 121, 4, 113, 6, 44, 6, 44, 3),
(360, 'Wynaut', 'https://img.pokemondb.net/artwork/wynaut.jpg', 194, 63, 188, 28, 188, 28, 188, 3),
(361, 'Snorunt', 'https://img.pokemondb.net/artwork/snorunt.jpg', 68, 18, 18, 18, 18, 18, 18, 3),
(362, 'Glalie', 'https://img.pokemondb.net/artwork/glalie.jpg', 171, 9, 9, 9, 9, 9, 9, 3),
(363, 'Spheal', 'https://img.pokemondb.net/artwork/spheal.jpg', 102, 42, 43, 18, 38, 18, 39, 3),
(364, 'Sealeo', 'https://img.pokemondb.net/artwork/sealeo.jpg', 118, 41, 6, 42, 44, 42, 2, 3),
(365, 'Walrein', 'https://img.pokemondb.net/artwork/walrein.jpg', 30, 67, 9, 41, 63, 41, 4, 3),
(366, 'Clamperl', 'https://img.pokemondb.net/artwork/clamperl.jpg', 134, 35, 20, 25, 205, 38, 181, 3),
(367, 'Huntail', 'https://img.pokemondb.net/artwork/huntail.jpg', 66, 38, 189, 32, 206, 44, 16, 3),
(368, 'Gorebyss', 'https://img.pokemondb.net/artwork/gorebyss.jpg', 66, 38, 23, 32, 207, 44, 16, 3),
(369, 'Relicanth', 'https://img.pokemondb.net/artwork/relicanth.jpg', 66, 13, 41, 113, 2, 4, 38, 3),
(370, 'Luvdisc', 'https://img.pokemondb.net/artwork/luvdisc.jpg', 129, 17, 34, 38, 43, 4, 55, 3),
(371, 'Bagon', 'https://img.pokemondb.net/artwork/bagon.jpg', 68, 2, 44, 6, 43, 34, 18, 3),
(372, 'Shelgon', 'https://img.pokemondb.net/artwork/shelgon.jpg', 147, 4, 63, 13, 6, 18, 18, 3),
(373, 'Salamence', 'https://img.pokemondb.net/artwork/salamence.jpg', 148, 63, 112, 9, 67, 9, 13, 3),
(374, 'Beldum', 'https://img.pokemondb.net/artwork/beldum.jpg', 68, 43, 38, 9, 35, 6, 34, 3),
(375, 'Metang', 'https://img.pokemondb.net/artwork/metang.jpg', 147, 6, 44, 13, 38, 9, 18, 3),
(376, 'Metagross', 'https://img.pokemondb.net/artwork/metagross.jpg', 148, 9, 112, 113, 63, 41, 42, 3),
(377, 'Regirock', 'https://img.pokemondb.net/artwork/regirock.jpg', 146, 9, 13, 142, 18, 13, 18, 3),
(378, 'Regice', 'https://img.pokemondb.net/artwork/regice.jpg', 146, 9, 18, 13, 13, 142, 18, 3),
(379, 'Registeel', 'https://img.pokemondb.net/artwork/registeel.jpg', 146, 9, 44, 130, 44, 130, 18, 3),
(380, 'Latias', 'https://img.pokemondb.net/artwork/latias.jpg', 148, 9, 9, 41, 67, 113, 67, 3),
(381, 'Latios', 'https://img.pokemondb.net/artwork/latios.jpg', 148, 9, 41, 9, 113, 67, 67, 3),
(382, 'Kyogre', 'https://img.pokemondb.net/artwork/kyogre.jpg', 183, 13, 13, 41, 130, 92, 41, 3),
(383, 'Groudon', 'https://img.pokemondb.net/artwork/groudon.jpg', 183, 13, 130, 92, 13, 41, 41, 3),
(384, 'Rayquaza', 'https://img.pokemondb.net/artwork/rayquaza.jpg', 151, 32, 130, 41, 130, 41, 63, 3),
(385, 'Jirachi', 'https://img.pokemondb.net/artwork/jirachi.jpg', 148, 13, 13, 13, 13, 13, 13, 3),
(386, 'Deoxys', 'https://img.pokemondb.net/artwork/deoxys.jpg', 148, 18, 130, 18, 130, 18, 130, 3),
(387, 'Turtwig', 'https://img.pokemondb.net/artwork/turtwig.jpg', 1, 38, 138, 20, 2, 38, 57, 4),
(388, 'Grotle', 'https://img.pokemondb.net/artwork/grotle.jpg', 5, 44, 208, 25, 38, 4, 157, 4),
(389, 'Torterra', 'https://img.pokemondb.net/artwork/torterra.jpg', 10, 63, 24, 32, 44, 25, 46, 4),
(390, 'Chimchar', 'https://img.pokemondb.net/artwork/chimchar.jpg', 14, 27, 19, 27, 19, 27, 59, 4),
(391, 'Monferno', 'https://img.pokemondb.net/artwork/monferno.jpg', 5, 20, 22, 16, 22, 16, 54, 4),
(392, 'Infernape', 'https://img.pokemondb.net/artwork/infernape.jpg', 21, 78, 189, 48, 189, 48, 209, 4),
(393, 'Piplup', 'https://img.pokemondb.net/artwork/piplup.jpg', 26, 132, 174, 132, 59, 46, 43, 4),
(394, 'Prinplup', 'https://img.pokemondb.net/artwork/prinplup.jpg', 5, 20, 202, 138, 54, 78, 18, 4),
(395, 'Empoleon', 'https://img.pokemondb.net/artwork/empoleon.jpg', 30, 23, 159, 210, 211, 50, 6, 4),
(396, 'Starly', 'https://img.pokemondb.net/artwork/starly.jpg', 93, 43, 38, 34, 34, 34, 6, 4),
(397, 'Staravia', 'https://img.pokemondb.net/artwork/staravia.jpg', 133, 38, 44, 18, 43, 43, 9, 4),
(398, 'Staraptor', 'https://img.pokemondb.net/artwork/staraptor.jpg', 66, 25, 101, 42, 18, 6, 13, 4),
(399, 'Bidoof', 'https://img.pokemondb.net/artwork/bidoof.jpg', 135, 29, 2, 43, 35, 43, 57, 4),
(400, 'Bibarel', 'https://img.pokemondb.net/artwork/bibarel.jpg', 118, 31, 25, 6, 38, 6, 48, 4),
(401, 'Kricketot', 'https://img.pokemondb.net/artwork/kricketot.jpg', 212, 172, 39, 72, 39, 72, 39, 4),
(402, 'Kricketune', 'https://img.pokemondb.net/artwork/kricketune.jpg', 213, 83, 25, 174, 38, 174, 4, 4),
(403, 'Shinx', 'https://img.pokemondb.net/artwork/shinx.jpg', 214, 2, 4, 155, 43, 155, 2, 4),
(404, 'Luxio', 'https://img.pokemondb.net/artwork/luxio.jpg', 215, 6, 25, 3, 6, 3, 6, 4),
(405, 'Luxray', 'https://img.pokemondb.net/artwork/luxray.jpg', 216, 9, 101, 31, 63, 31, 42, 4),
(406, 'Budew', 'https://img.pokemondb.net/artwork/budew.jpg', 164, 43, 34, 35, 18, 42, 38, 4),
(407, 'Roserade', 'https://img.pokemondb.net/artwork/roserade.jpg', 116, 6, 42, 4, 131, 32, 41, 4),
(408, 'Cranidos', 'https://img.pokemondb.net/artwork/cranidos.jpg', 105, 74, 131, 43, 34, 34, 19, 4),
(409, 'Rampardos', 'https://img.pokemondb.net/artwork/rampardos.jpg', 117, 55, 217, 6, 4, 18, 19, 4),
(410, 'Shieldon', 'https://img.pokemondb.net/artwork/shieldon.jpg', 105, 34, 128, 218, 128, 210, 34, 4),
(411, 'Bastiodon', 'https://img.pokemondb.net/artwork/bastiodon.jpg', 117, 6, 16, 219, 71, 220, 34, 4),
(412, 'Burmy', 'https://img.pokemondb.net/artwork/burmy.jpg', 221, 43, 222, 2, 222, 2, 157, 4),
(413, 'Wormadam', 'https://img.pokemondb.net/artwork/wormadam.jpg', 223, 6, 29, 25, 31, 32, 157, 4),
(414, 'Mothim', 'https://img.pokemondb.net/artwork/mothim.jpg', 223, 42, 206, 18, 206, 18, 202, 4),
(415, 'Combee', 'https://img.pokemondb.net/artwork/combee.jpg', 224, 34, 34, 128, 34, 128, 42, 4),
(416, 'Vespiquen', 'https://img.pokemondb.net/artwork/vespiquen.jpg', 191, 42, 9, 82, 9, 82, 43, 4),
(417, 'Pachirisu', 'https://img.pokemondb.net/artwork/pachirisu.jpg', 5, 6, 2, 42, 2, 41, 63, 4),
(418, 'Buizel', 'https://img.pokemondb.net/artwork/buizel.jpg', 129, 38, 4, 35, 6, 34, 25, 4),
(419, 'Floatzel', 'https://img.pokemondb.net/artwork/floatzel.jpg', 117, 25, 32, 38, 25, 18, 90, 4),
(420, 'Cherubi', 'https://img.pokemondb.net/artwork/cherubi.jpg', 70, 2, 35, 2, 7, 132, 35, 4),
(421, 'Cherrim', 'https://img.pokemondb.net/artwork/cherrim.jpg', 69, 42, 6, 42, 77, 22, 25, 4),
(422, 'Shellos', 'https://img.pokemondb.net/artwork/shellos.jpg', 120, 78, 28, 28, 81, 7, 155, 4),
(423, 'Gastrodon', 'https://img.pokemondb.net/artwork/gastrodon.jpg', 124, 211, 12, 138, 76, 11, 15, 4),
(424, 'Ambipom', 'https://img.pokemondb.net/artwork/ambipom.jpg', 225, 44, 13, 202, 6, 202, 90, 4),
(425, 'Drifloon', 'https://img.pokemondb.net/artwork/drifloon.jpg', 226, 41, 18, 155, 6, 27, 42, 4),
(426, 'Drifblim', 'https://img.pokemondb.net/artwork/drifblim.jpg', 227, 130, 9, 27, 41, 61, 9, 4),
(427, 'Buneary', 'https://img.pokemondb.net/artwork/buneary.jpg', 105, 38, 202, 27, 27, 46, 25, 4),
(428, 'Lopunny', 'https://img.pokemondb.net/artwork/lopunny.jpg', 171, 4, 78, 23, 61, 160, 32, 4),
(429, 'Mismagius', 'https://img.pokemondb.net/artwork/mismagius.jpg', 117, 6, 6, 6, 32, 32, 32, 4),
(430, 'Honchkrow', 'https://img.pokemondb.net/artwork/honchkrow.jpg', 75, 13, 131, 16, 32, 16, 48, 4),
(431, 'Glameow', 'https://img.pokemondb.net/artwork/glameow.jpg', 109, 3, 38, 128, 128, 172, 25, 4),
(432, 'Purugly', 'https://img.pokemondb.net/artwork/purugly.jpg', 158, 48, 11, 20, 20, 29, 228, 4),
(433, 'Chingling', 'https://img.pokemondb.net/artwork/chingling.jpg', 96, 2, 34, 18, 4, 18, 2, 4),
(434, 'Stunky', 'https://img.pokemondb.net/artwork/stunky.jpg', 229, 8, 8, 71, 72, 72, 205, 4),
(435, 'Skuntank', 'https://img.pokemondb.net/artwork/skuntank.jpg', 49, 230, 141, 74, 48, 59, 23, 4),
(436, 'Bronzor', 'https://img.pokemondb.net/artwork/bronzor.jpg', 68, 81, 231, 159, 231, 159, 188, 4),
(437, 'Bronzong', 'https://img.pokemondb.net/artwork/bronzong.jpg', 104, 74, 208, 232, 31, 232, 169, 4),
(438, 'Bonsly', 'https://img.pokemondb.net/artwork/bonsly.jpg', 102, 18, 9, 63, 99, 2, 99, 4),
(439, 'Mime Jr.', 'https://img.pokemondb.net/artwork/mime-jr.jpg', 109, 36, 39, 2, 42, 41, 6, 4),
(440, 'Happiny', 'https://img.pokemondb.net/artwork/happiny.jpg', 175, 13, 136, 136, 110, 4, 34, 4),
(441, 'Chatot', 'https://img.pokemondb.net/artwork/chatot.jpg', 233, 78, 4, 2, 76, 128, 149, 4),
(442, 'Spiritomb', 'https://img.pokemondb.net/artwork/spiritomb.jpg', 66, 18, 76, 209, 76, 209, 35, 4),
(443, 'Gible', 'https://img.pokemondb.net/artwork/gible.jpg', 68, 19, 42, 2, 43, 2, 128, 4),
(444, 'Gabite', 'https://img.pokemondb.net/artwork/gabite.jpg', 118, 138, 41, 4, 18, 38, 11, 4),
(445, 'Garchomp', 'https://img.pokemondb.net/artwork/garchomp.jpg', 148, 209, 113, 63, 9, 25, 82, 4),
(446, 'Munchlax', 'https://img.pokemondb.net/artwork/munchlax.jpg', 114, 112, 25, 43, 43, 25, 136, 4),
(447, 'Riolu', 'https://img.pokemondb.net/artwork/riolu.jpg', 96, 43, 42, 43, 35, 43, 6, 4),
(448, 'Lucario', 'https://img.pokemondb.net/artwork/lucario.jpg', 10, 42, 67, 42, 90, 42, 41, 4),
(449, 'Hippopotas', 'https://img.pokemondb.net/artwork/hippopotas.jpg', 129, 138, 52, 22, 88, 128, 181, 4),
(450, 'Hippowdon', 'https://img.pokemondb.net/artwork/hippowdon.jpg', 10, 209, 228, 218, 138, 52, 71, 4),
(451, 'Skorupi', 'https://img.pokemondb.net/artwork/skorupi.jpg', 129, 43, 18, 41, 34, 38, 4, 4),
(452, 'Drapion', 'https://img.pokemondb.net/artwork/drapion.jpg', 104, 42, 41, 67, 6, 44, 63, 4),
(453, 'Croagunk', 'https://img.pokemondb.net/artwork/croagunk.jpg', 68, 28, 59, 43, 59, 43, 18, 4),
(454, 'Toxicroak', 'https://img.pokemondb.net/artwork/toxicroak.jpg', 95, 12, 152, 4, 159, 4, 25, 4),
(455, 'Carnivine', 'https://img.pokemondb.net/artwork/carnivine.jpg', 182, 205, 13, 52, 41, 52, 80, 4),
(456, 'Finneon', 'https://img.pokemondb.net/artwork/finneon.jpg', 129, 3, 3, 46, 3, 59, 202, 4),
(457, 'Lumineon', 'https://img.pokemondb.net/artwork/lumineon.jpg', 140, 64, 64, 78, 64, 159, 149, 4),
(458, 'Mantyke', 'https://img.pokemondb.net/artwork/mantyke.jpg', 134, 2, 36, 18, 6, 101, 18, 4),
(459, 'Snover', 'https://img.pokemondb.net/artwork/snover.jpg', 234, 6, 7, 18, 7, 6, 43, 4),
(460, 'Abomasnow', 'https://img.pokemondb.net/artwork/abomasnow.jpg', 235, 41, 76, 44, 76, 25, 6, 4),
(461, 'Weavile', 'https://img.pokemondb.net/artwork/weavile.jpg', 108, 42, 101, 4, 2, 25, 131, 4),
(462, 'Magnezone', 'https://img.pokemondb.net/artwork/magnezone.jpg', 144, 42, 42, 90, 113, 41, 6, 4),
(463, 'Lickilicky', 'https://img.pokemondb.net/artwork/lickilicky.jpg', 116, 67, 25, 63, 9, 63, 18, 4),
(464, 'Rhyperior', 'https://img.pokemondb.net/artwork/rhyperior.jpg', 144, 90, 92, 113, 38, 38, 43, 4),
(465, 'Tangrowth', 'https://img.pokemondb.net/artwork/tangrowth.jpg', 144, 13, 13, 131, 67, 18, 18, 4),
(466, 'Electivire', 'https://img.pokemondb.net/artwork/electivire.jpg', 143, 44, 236, 74, 63, 25, 63, 4),
(467, 'Magmortar', 'https://img.pokemondb.net/artwork/magmortar.jpg', 143, 44, 63, 74, 131, 63, 12, 4),
(468, 'Togekiss', 'https://img.pokemondb.net/artwork/togekiss.jpg', 237, 25, 18, 63, 101, 90, 9, 4),
(469, 'Yanmega', 'https://img.pokemondb.net/artwork/yanmega.jpg', 116, 159, 78, 159, 232, 46, 63, 4),
(470, 'Leafeon', 'https://img.pokemondb.net/artwork/leafeon.jpg', 10, 4, 67, 113, 6, 4, 63, 4),
(471, 'Glaceon', 'https://img.pokemondb.net/artwork/glaceon.jpg', 10, 4, 6, 67, 113, 63, 4, 4),
(472, 'Gliscor', 'https://img.pokemondb.net/artwork/gliscor.jpg', 108, 44, 63, 131, 2, 44, 63, 4),
(473, 'Mamoswine', 'https://img.pokemondb.net/artwork/mamoswine.jpg', 30, 67, 113, 9, 42, 6, 9, 4),
(474, 'Porygon-Z', 'https://img.pokemondb.net/artwork/porygon-z.jpg', 144, 25, 9, 42, 112, 44, 41, 4),
(475, 'Gallade', 'https://img.pokemondb.net/artwork/gallade.jpg', 179, 138, 131, 4, 4, 90, 9, 4),
(476, 'Probopass', 'https://img.pokemondb.net/artwork/probopass.jpg', 10, 6, 38, 238, 44, 130, 43, 4),
(477, 'Dusknoir', 'https://img.pokemondb.net/artwork/dusknoir.jpg', 10, 2, 13, 112, 4, 112, 2, 4),
(478, 'Froslass', 'https://img.pokemondb.net/artwork/froslass.jpg', 171, 42, 9, 42, 9, 42, 67, 4),
(479, 'Rotom', 'https://img.pokemondb.net/artwork/rotom.jpg', 103, 18, 18, 83, 63, 83, 149, 4),
(480, 'Uxie', 'https://img.pokemondb.net/artwork/uxie.jpg', 146, 44, 44, 113, 44, 113, 63, 4),
(481, 'Mesprit', 'https://img.pokemondb.net/artwork/mesprit.jpg', 146, 9, 32, 32, 32, 32, 9, 4),
(482, 'Azelf', 'https://img.pokemondb.net/artwork/azelf.jpg', 146, 44, 131, 42, 131, 42, 90, 4),
(483, 'Dialga', 'https://img.pokemondb.net/artwork/dialga.jpg', 151, 13, 101, 101, 130, 13, 41, 4),
(484, 'Palkia', 'https://img.pokemondb.net/artwork/palkia.jpg', 151, 41, 101, 13, 130, 101, 13, 4),
(485, 'Heatran', 'https://img.pokemondb.net/artwork/heatran.jpg', 148, 149, 41, 152, 113, 152, 83, 4),
(486, 'Regigigas', 'https://img.pokemondb.net/artwork/regigigas.jpg', 183, 67, 126, 67, 9, 67, 13, 4),
(487, 'Giratina', 'https://www.pokepedia.fr/images/a/af/Giratina-DP.png ', 151, 130, 13, 101, 13, 101, 41, 4),
(488, 'Cresselia', 'https://img.pokemondb.net/artwork/cresselia.jpg', 148, 101, 42, 101, 44, 113, 25, 4),
(489, 'Phione', 'https://img.pokemondb.net/artwork/phione.jpg', 171, 9, 9, 9, 9, 9, 9, 4),
(490, 'Manaphy', 'https://img.pokemondb.net/artwork/manaphy.jpg', 148, 13, 13, 13, 13, 13, 13, 4),
(491, 'Darkrai', 'https://img.pokemondb.net/artwork/darkrai.jpg', 148, 42, 41, 41, 112, 41, 131, 4),
(492, 'Shaymin', 'https://www.pokepedia.fr/images/0/05/Shaymin_(Forme_Terrestre)-DP.png ', 148, 13, 13, 13, 13, 13, 13, 4),
(493, 'Arceus', 'https://img.pokemondb.net/artwork/arceus.jpg', 239, 101, 101, 101, 101, 101, 101, 4),
(494, 'Victini', 'https://img.pokemondb.net/artwork/victini.jpg', 148, 13, 13, 13, 13, 13, 13, 5),
(495, 'Snivy', 'https://img.pokemondb.net/artwork/snivy.jpg', 201, 2, 2, 38, 2, 38, 8, 5),
(496, 'Servine', 'https://img.pokemondb.net/artwork/servine.jpg', 53, 6, 6, 44, 6, 44, 12, 5),
(497, 'Serperior', 'https://img.pokemondb.net/artwork/serperior.jpg', 240, 44, 44, 63, 44, 63, 241, 5),
(498, 'Tepig', 'https://img.pokemondb.net/artwork/tepig.jpg', 201, 4, 8, 2, 2, 2, 2, 5),
(499, 'Pignite', 'https://img.pokemondb.net/artwork/pignite.jpg', 242, 41, 141, 38, 42, 38, 38, 5),
(500, 'Emboar', 'https://img.pokemondb.net/artwork/emboar.jpg', 240, 67, 236, 4, 13, 4, 4, 5),
(501, 'Oshawott', 'https://img.pokemondb.net/artwork/oshawott.jpg', 201, 38, 38, 2, 8, 2, 2, 5),
(502, 'Dewott', 'https://img.pokemondb.net/artwork/dewott.jpg', 53, 44, 44, 6, 12, 6, 6, 5),
(503, 'Samurott', 'https://img.pokemondb.net/artwork/samurott.jpg', 240, 63, 13, 25, 209, 42, 42, 5),
(504, 'Patrat', 'https://img.pokemondb.net/artwork/patrat.jpg', 173, 2, 38, 15, 35, 15, 128, 5),
(505, 'Watchog', 'https://img.pokemondb.net/artwork/watchog.jpg', 147, 6, 25, 64, 6, 64, 83, 5),
(506, 'Lillipup', 'https://img.pokemondb.net/artwork/lillipup.jpg', 70, 2, 6, 2, 39, 2, 38, 5),
(507, 'Herdier', 'https://img.pokemondb.net/artwork/herdier.jpg', 243, 4, 9, 4, 35, 4, 6, 5),
(508, 'Stoutland', 'https://img.pokemondb.net/artwork/stoutland.jpg', 104, 25, 67, 41, 2, 41, 9, 5),
(509, 'Purrloin', 'https://img.pokemondb.net/artwork/purrloin.jpg', 244, 72, 18, 172, 18, 172, 202, 5),
(510, 'Liepard', 'https://img.pokemondb.net/artwork/liepard.jpg', 245, 20, 210, 18, 210, 18, 152, 5),
(511, 'Pansage', 'https://img.pokemondb.net/artwork/pansage.jpg', 246, 18, 132, 28, 132, 28, 20, 5),
(512, 'Simisage', 'https://img.pokemondb.net/artwork/simisage.jpg', 227, 44, 247, 8, 247, 8, 50, 5),
(513, 'Pansear', 'https://img.pokemondb.net/artwork/pansear.jpg', 246, 18, 132, 28, 132, 28, 20, 5),
(514, 'Simisear', 'https://img.pokemondb.net/artwork/simisear.jpg', 227, 44, 247, 8, 247, 8, 50, 5),
(515, 'Panpour', 'https://img.pokemondb.net/artwork/panpour.jpg', 246, 18, 132, 28, 132, 28, 20, 5),
(516, 'Simipour', 'https://img.pokemondb.net/artwork/simipour.jpg', 227, 44, 247, 8, 247, 8, 50, 5),
(517, 'Munna', 'https://img.pokemondb.net/artwork/munna.jpg', 248, 78, 39, 2, 74, 38, 231, 5);
INSERT INTO `infos` (`id_pokemon`, `name`, `url`, `total`, `hp`, `attack`, `defense`, `special_attack`, `special_defense`, `speed`, `generations_id_generations`) VALUES
(518, 'Musharna', 'https://img.pokemondb.net/artwork/musharna.jpg', 249, 232, 38, 25, 203, 63, 222, 5),
(519, 'Pidove', 'https://img.pokemondb.net/artwork/pidove.jpg', 250, 18, 38, 18, 157, 34, 17, 5),
(520, 'Tranquill', 'https://img.pokemondb.net/artwork/tranquill.jpg', 251, 7, 83, 7, 18, 128, 4, 5),
(521, 'Unfezant', 'https://img.pokemondb.net/artwork/unfezant.jpg', 252, 9, 90, 9, 4, 38, 141, 5),
(522, 'Blitzle', 'https://img.pokemondb.net/artwork/blitzle.jpg', 137, 2, 6, 181, 18, 181, 78, 5),
(523, 'Zebstrika', 'https://img.pokemondb.net/artwork/zebstrika.jpg', 253, 44, 13, 8, 9, 8, 232, 5),
(524, 'Roggenrola', 'https://img.pokemondb.net/artwork/roggenrola.jpg', 164, 38, 44, 25, 39, 39, 110, 5),
(525, 'Boldore', 'https://img.pokemondb.net/artwork/boldore.jpg', 114, 42, 32, 32, 18, 43, 36, 5),
(526, 'Gigalith', 'https://img.pokemondb.net/artwork/gigalith.jpg', 116, 25, 112, 113, 6, 9, 39, 5),
(527, 'Woobat', 'https://img.pokemondb.net/artwork/woobat.jpg', 84, 4, 2, 17, 38, 17, 52, 5),
(528, 'Swoobat', 'https://img.pokemondb.net/artwork/swoobat.jpg', 100, 74, 81, 38, 83, 38, 207, 5),
(529, 'Drilbur', 'https://img.pokemondb.net/artwork/drilbur.jpg', 127, 6, 25, 43, 34, 2, 138, 5),
(530, 'Excadrill', 'https://img.pokemondb.net/artwork/excadrill.jpg', 254, 67, 112, 6, 18, 4, 210, 5),
(531, 'Audino', 'https://img.pokemondb.net/artwork/audino.jpg', 255, 230, 6, 159, 6, 159, 18, 5),
(532, 'Timburr', 'https://img.pokemondb.net/artwork/timburr.jpg', 97, 44, 9, 38, 39, 35, 35, 5),
(533, 'Gurdurr', 'https://img.pokemondb.net/artwork/gurdurr.jpg', 5, 25, 32, 25, 43, 18, 43, 5),
(534, 'Conkeldurr', 'https://img.pokemondb.net/artwork/conkeldurr.jpg', 75, 32, 92, 63, 38, 4, 2, 5),
(535, 'Tympole', 'https://img.pokemondb.net/artwork/tympole.jpg', 256, 18, 18, 43, 18, 43, 20, 5),
(536, 'Palpitoad', 'https://img.pokemondb.net/artwork/palpitoad.jpg', 213, 44, 4, 38, 4, 38, 64, 5),
(537, 'Seismitoad', 'https://img.pokemondb.net/artwork/seismitoad.jpg', 257, 32, 63, 44, 25, 44, 205, 5),
(538, 'Throh', 'https://img.pokemondb.net/artwork/throh.jpg', 121, 101, 13, 25, 34, 25, 2, 5),
(539, 'Sawk', 'https://img.pokemondb.net/artwork/sawk.jpg', 121, 44, 131, 44, 34, 44, 25, 5),
(540, 'Sewaddle', 'https://img.pokemondb.net/artwork/sewaddle.jpg', 109, 2, 132, 42, 43, 6, 128, 5),
(541, 'Swadloon', 'https://img.pokemondb.net/artwork/swadloon.jpg', 195, 38, 8, 41, 18, 9, 128, 5),
(542, 'Leavanny', 'https://img.pokemondb.net/artwork/leavanny.jpg', 104, 44, 230, 9, 42, 9, 76, 5),
(543, 'Venipede', 'https://img.pokemondb.net/artwork/venipede.jpg', 194, 34, 2, 29, 34, 15, 81, 5),
(544, 'Whirlipede', 'https://img.pokemondb.net/artwork/whirlipede.jpg', 165, 43, 38, 204, 43, 31, 71, 5),
(545, 'Scolipede', 'https://img.pokemondb.net/artwork/scolipede.jpg', 66, 6, 13, 208, 38, 64, 228, 5),
(546, 'Cottonee', 'https://img.pokemondb.net/artwork/cottonee.jpg', 164, 43, 258, 6, 172, 18, 202, 5),
(547, 'Whimsicott', 'https://img.pokemondb.net/artwork/whimsicott.jpg', 171, 6, 74, 25, 83, 44, 232, 5),
(548, 'Petilil', 'https://img.pokemondb.net/artwork/petilil.jpg', 164, 2, 35, 18, 42, 18, 34, 5),
(549, 'Lilligant', 'https://img.pokemondb.net/artwork/lilligant.jpg', 171, 42, 6, 44, 67, 44, 41, 5),
(550, 'Basculin', 'https://img.pokemondb.net/artwork/basculin.jpg', 140, 42, 76, 4, 9, 38, 247, 5),
(551, 'Sandile', 'https://img.pokemondb.net/artwork/sandile.jpg', 248, 18, 52, 35, 35, 35, 4, 5),
(552, 'Krokorok', 'https://img.pokemondb.net/artwork/krokorok.jpg', 259, 6, 11, 2, 2, 2, 205, 5),
(553, 'Krookodile', 'https://img.pokemondb.net/artwork/krookodile.jpg', 260, 63, 261, 9, 4, 42, 76, 5),
(554, 'Darumaka', 'https://img.pokemondb.net/artwork/darumaka.jpg', 119, 42, 41, 2, 110, 2, 18, 5),
(555, 'Darmanitan', 'https://img.pokemondb.net/artwork/darmanitan.jpg', 171, 32, 92, 38, 34, 38, 63, 5),
(556, 'Maractus', 'https://img.pokemondb.net/artwork/maractus.jpg', 262, 44, 159, 74, 152, 74, 6, 5),
(557, 'Dwebble', 'https://img.pokemondb.net/artwork/dwebble.jpg', 120, 18, 4, 25, 35, 35, 38, 5),
(558, 'Crustle', 'https://img.pokemondb.net/artwork/crustle.jpg', 66, 42, 32, 131, 4, 44, 2, 5),
(559, 'Scraggy', 'https://img.pokemondb.net/artwork/scraggy.jpg', 226, 18, 44, 42, 35, 42, 28, 5),
(560, 'Scrafty', 'https://img.pokemondb.net/artwork/scrafty.jpg', 252, 4, 41, 90, 2, 90, 19, 5),
(561, 'Sigilyph', 'https://img.pokemondb.net/artwork/sigilyph.jpg', 95, 52, 19, 9, 230, 9, 55, 5),
(562, 'Yamask', 'https://img.pokemondb.net/artwork/yamask.jpg', 263, 88, 34, 25, 38, 4, 34, 5),
(563, 'Cofagrigus', 'https://img.pokemondb.net/artwork/cofagrigus.jpg', 85, 19, 18, 238, 63, 32, 34, 5),
(564, 'Tirtouga', 'https://img.pokemondb.net/artwork/tirtouga.jpg', 145, 61, 22, 230, 132, 2, 264, 5),
(565, 'Carracosta', 'https://img.pokemondb.net/artwork/carracosta.jpg', 117, 205, 209, 265, 12, 4, 181, 5),
(566, 'Archen', 'https://img.pokemondb.net/artwork/archen.jpg', 266, 38, 228, 2, 205, 2, 42, 5),
(567, 'Archeops', 'https://img.pokemondb.net/artwork/archeops.jpg', 267, 44, 92, 4, 228, 4, 67, 5),
(568, 'Trubbish', 'https://img.pokemondb.net/artwork/trubbish.jpg', 229, 18, 18, 7, 43, 7, 4, 5),
(569, 'Garbodor', 'https://img.pokemondb.net/artwork/garbodor.jpg', 191, 9, 63, 11, 6, 11, 44, 5),
(570, 'Zorua', 'https://img.pokemondb.net/artwork/zorua.jpg', 129, 43, 4, 43, 9, 43, 4, 5),
(571, 'Zoroark', 'https://img.pokemondb.net/artwork/zoroark.jpg', 108, 6, 32, 6, 101, 6, 32, 5),
(572, 'Minccino', 'https://img.pokemondb.net/artwork/minccino.jpg', 68, 38, 18, 43, 43, 43, 44, 5),
(573, 'Cinccino', 'https://img.pokemondb.net/artwork/cinccino.jpg', 123, 44, 63, 6, 4, 6, 90, 5),
(574, 'Gothita', 'https://img.pokemondb.net/artwork/gothita.jpg', 102, 2, 34, 18, 38, 4, 2, 5),
(575, 'Gothorita', 'https://img.pokemondb.net/artwork/gothorita.jpg', 114, 6, 2, 42, 44, 25, 38, 5),
(576, 'Gothitelle', 'https://img.pokemondb.net/artwork/gothitelle.jpg', 95, 42, 38, 63, 63, 67, 4, 5),
(577, 'Solosis', 'https://img.pokemondb.net/artwork/solosis.jpg', 102, 2, 34, 43, 32, 18, 36, 5),
(578, 'Duosion', 'https://img.pokemondb.net/artwork/duosion.jpg', 243, 4, 43, 18, 131, 6, 34, 5),
(579, 'Reuniclus', 'https://img.pokemondb.net/artwork/reuniclus.jpg', 95, 67, 4, 44, 131, 25, 34, 5),
(580, 'Ducklett', 'https://img.pokemondb.net/artwork/ducklett.jpg', 97, 7, 27, 18, 27, 18, 38, 5),
(581, 'Swanna', 'https://img.pokemondb.net/artwork/swanna.jpg', 268, 44, 77, 8, 77, 8, 247, 5),
(582, 'Vanillite', 'https://img.pokemondb.net/artwork/vanillite.jpg', 97, 157, 18, 18, 4, 6, 27, 5),
(583, 'Vanillish', 'https://img.pokemondb.net/artwork/vanillish.jpg', 40, 174, 4, 4, 9, 44, 29, 5),
(584, 'Vanilluxe', 'https://img.pokemondb.net/artwork/vanilluxe.jpg', 144, 48, 63, 25, 67, 63, 31, 5),
(585, 'Deerling', 'https://img.pokemondb.net/artwork/deerling.jpg', 115, 6, 6, 18, 43, 18, 44, 5),
(586, 'Sawsbuck', 'https://img.pokemondb.net/artwork/sawsbuck.jpg', 124, 9, 13, 42, 6, 42, 63, 5),
(587, 'Emolga', 'https://img.pokemondb.net/artwork/emolga.jpg', 269, 38, 44, 6, 44, 6, 230, 5),
(588, 'Karrablast', 'https://img.pokemondb.net/artwork/karrablast.jpg', 119, 18, 44, 2, 43, 2, 6, 5),
(589, 'Escavalier', 'https://img.pokemondb.net/artwork/escavalier.jpg', 117, 42, 112, 32, 6, 32, 36, 5),
(590, 'Foongus', 'https://img.pokemondb.net/artwork/foongus.jpg', 256, 64, 38, 2, 38, 38, 110, 5),
(591, 'Amoonguss', 'https://img.pokemondb.net/artwork/amoonguss.jpg', 270, 207, 25, 42, 25, 9, 34, 5),
(592, 'Frillish', 'https://img.pokemondb.net/artwork/frillish.jpg', 115, 38, 43, 18, 4, 25, 43, 5),
(593, 'Jellicent', 'https://img.pokemondb.net/artwork/jellicent.jpg', 171, 13, 6, 42, 25, 32, 6, 5),
(594, 'Alomomola', 'https://img.pokemondb.net/artwork/alomomola.jpg', 123, 217, 44, 9, 43, 2, 4, 5),
(595, 'Joltik', 'https://img.pokemondb.net/artwork/joltik.jpg', 271, 18, 71, 18, 81, 18, 4, 5),
(596, 'Galvantula', 'https://img.pokemondb.net/artwork/galvantula.jpg', 272, 42, 83, 6, 55, 6, 209, 5),
(597, 'Ferroseed', 'https://img.pokemondb.net/artwork/ferroseed.jpg', 97, 27, 18, 149, 231, 159, 99, 5),
(598, 'Ferrothorn', 'https://img.pokemondb.net/artwork/ferrothorn.jpg', 273, 205, 206, 274, 61, 232, 36, 5),
(599, 'Klink', 'https://img.pokemondb.net/artwork/klink.jpg', 68, 43, 38, 42, 2, 6, 34, 5),
(600, 'Klang', 'https://img.pokemondb.net/artwork/klang.jpg', 103, 6, 9, 63, 42, 25, 18, 5),
(601, 'Klinklang', 'https://img.pokemondb.net/artwork/klinklang.jpg', 139, 6, 13, 90, 42, 25, 41, 5),
(602, 'Tynamo', 'https://img.pokemondb.net/artwork/tynamo.jpg', 70, 35, 38, 43, 2, 43, 6, 5),
(603, 'Eelektrik', 'https://img.pokemondb.net/artwork/eelektrik.jpg', 5, 4, 25, 42, 44, 42, 43, 5),
(604, 'Eelektross', 'https://img.pokemondb.net/artwork/eelektross.jpg', 116, 25, 90, 9, 32, 9, 18, 5),
(605, 'Elgyem', 'https://img.pokemondb.net/artwork/elgyem.jpg', 115, 38, 38, 38, 25, 38, 34, 5),
(606, 'Beheeyem', 'https://img.pokemondb.net/artwork/beheeyem.jpg', 66, 44, 44, 44, 131, 63, 43, 5),
(607, 'Litwick', 'https://img.pokemondb.net/artwork/litwick.jpg', 70, 18, 34, 38, 4, 38, 36, 5),
(608, 'Lampent', 'https://img.pokemondb.net/artwork/lampent.jpg', 243, 6, 43, 6, 63, 6, 38, 5),
(609, 'Chandelure', 'https://img.pokemondb.net/artwork/chandelure.jpg', 139, 6, 38, 41, 238, 41, 9, 5),
(610, 'Axew', 'https://img.pokemondb.net/artwork/axew.jpg', 65, 80, 77, 6, 34, 43, 81, 5),
(611, 'Fraxure', 'https://img.pokemondb.net/artwork/fraxure.jpg', 118, 202, 261, 42, 43, 18, 74, 5),
(612, 'Haxorus', 'https://img.pokemondb.net/artwork/haxorus.jpg', 143, 78, 275, 41, 6, 42, 55, 5),
(613, 'Cubchoo', 'https://img.pokemondb.net/artwork/cubchoo.jpg', 97, 38, 42, 43, 6, 43, 43, 5),
(614, 'Beartic', 'https://img.pokemondb.net/artwork/beartic.jpg', 75, 63, 113, 9, 42, 9, 18, 5),
(615, 'Cryogonal', 'https://img.pokemondb.net/artwork/cryogonal.jpg', 116, 9, 18, 18, 63, 112, 32, 5),
(616, 'Shelmet', 'https://img.pokemondb.net/artwork/shelmet.jpg', 97, 18, 43, 25, 43, 4, 39, 5),
(617, 'Accelgor', 'https://img.pokemondb.net/artwork/accelgor.jpg', 117, 9, 42, 43, 13, 6, 238, 5),
(618, 'Stunfisk', 'https://img.pokemondb.net/artwork/stunfisk.jpg', 276, 24, 202, 23, 54, 204, 181, 5),
(619, 'Mienfoo', 'https://img.pokemondb.net/artwork/mienfoo.jpg', 105, 2, 25, 18, 38, 18, 4, 5),
(620, 'Mienshao', 'https://img.pokemondb.net/artwork/mienshao.jpg', 108, 4, 131, 6, 63, 6, 32, 5),
(621, 'Druddigon', 'https://img.pokemondb.net/artwork/druddigon.jpg', 66, 83, 101, 41, 6, 41, 28, 5),
(622, 'Golett', 'https://img.pokemondb.net/artwork/golett.jpg', 263, 29, 205, 18, 35, 18, 35, 5),
(623, 'Golurk', 'https://img.pokemondb.net/artwork/golurk.jpg', 85, 208, 277, 9, 38, 9, 38, 5),
(624, 'Pawniard', 'https://img.pokemondb.net/artwork/pawniard.jpg', 133, 2, 25, 42, 43, 43, 6, 5),
(625, 'Bisharp', 'https://img.pokemondb.net/artwork/bisharp.jpg', 95, 4, 131, 13, 6, 42, 42, 5),
(626, 'Bouffalant', 'https://img.pokemondb.net/artwork/bouffalant.jpg', 95, 63, 67, 63, 43, 63, 38, 5),
(627, 'Rufflet', 'https://img.pokemondb.net/artwork/rufflet.jpg', 105, 42, 12, 18, 172, 18, 6, 5),
(628, 'Braviary', 'https://img.pokemondb.net/artwork/braviary.jpg', 108, 13, 236, 44, 81, 44, 9, 5),
(629, 'Vullaby', 'https://img.pokemondb.net/artwork/vullaby.jpg', 243, 42, 38, 44, 2, 4, 6, 5),
(630, 'Mandibuzz', 'https://img.pokemondb.net/artwork/mandibuzz.jpg', 108, 67, 4, 32, 38, 63, 9, 5),
(631, 'Heatmor', 'https://img.pokemondb.net/artwork/heatmor.jpg', 278, 25, 55, 202, 32, 202, 4, 5),
(632, 'Durant', 'https://img.pokemondb.net/artwork/durant.jpg', 278, 19, 24, 228, 28, 28, 24, 5),
(633, 'Deino', 'https://img.pokemondb.net/artwork/deino.jpg', 68, 16, 4, 18, 2, 18, 88, 5),
(634, 'Zweilous', 'https://img.pokemondb.net/artwork/zweilous.jpg', 147, 52, 25, 42, 4, 42, 19, 5),
(635, 'Hydreigon', 'https://img.pokemondb.net/artwork/hydreigon.jpg', 148, 76, 32, 41, 131, 41, 247, 5),
(636, 'Larvesta', 'https://img.pokemondb.net/artwork/larvesta.jpg', 165, 38, 25, 38, 18, 38, 6, 5),
(637, 'Volcarona', 'https://img.pokemondb.net/artwork/volcarona.jpg', 279, 25, 6, 4, 112, 32, 13, 5),
(638, 'Cobalion', 'https://img.pokemondb.net/artwork/cobalion.jpg', 146, 149, 41, 280, 41, 52, 209, 5),
(639, 'Terrakion', 'https://img.pokemondb.net/artwork/terrakion.jpg', 146, 149, 280, 41, 52, 41, 209, 5),
(640, 'Virizion', 'https://img.pokemondb.net/artwork/virizion.jpg', 146, 149, 41, 52, 41, 280, 209, 5),
(641, 'Tornadus', 'https://img.pokemondb.net/artwork/tornadus.jpg', 146, 31, 90, 42, 131, 9, 211, 5),
(642, 'Thundurus', 'https://img.pokemondb.net/artwork/thundurus.jpg', 146, 31, 90, 42, 131, 9, 211, 5),
(643, 'Reshiram', 'https://img.pokemondb.net/artwork/reshiram.jpg', 151, 13, 101, 13, 130, 101, 41, 5),
(644, 'Zekrom', 'https://img.pokemondb.net/artwork/zekrom.jpg', 151, 13, 130, 101, 101, 13, 41, 5),
(645, 'Landorus', 'https://img.pokemondb.net/artwork/landorus.jpg', 148, 208, 131, 41, 90, 9, 50, 5),
(646, 'Kyurem', 'https://img.pokemondb.net/artwork/kyurem.jpg', 281, 131, 113, 41, 113, 41, 63, 5),
(647, 'Keldeo', 'https://img.pokemondb.net/artwork/keldeo.jpg', 146, 149, 52, 41, 280, 41, 209, 5),
(648, 'Meloetta', 'https://img.pokemondb.net/artwork/meloetta.jpg', 148, 13, 83, 83, 282, 282, 41, 5),
(649, 'Genesect', 'https://img.pokemondb.net/artwork/genesect.jpg', 148, 48, 101, 63, 101, 63, 204, 5),
(650, 'Chespin', 'https://img.pokemondb.net/artwork/chespin.jpg', 283, 46, 59, 4, 28, 2, 88, 6),
(651, 'Quilladin', 'https://img.pokemondb.net/artwork/quilladin.jpg', 5, 59, 22, 63, 46, 19, 81, 6),
(652, 'Chesnaught', 'https://img.pokemondb.net/artwork/chesnaught.jpg', 30, 210, 203, 284, 205, 44, 20, 6),
(653, 'Fennekin', 'https://img.pokemondb.net/artwork/fennekin.jpg', 285, 43, 2, 43, 7, 6, 6, 6),
(654, 'Braixen', 'https://img.pokemondb.net/artwork/braixen.jpg', 286, 29, 29, 19, 41, 42, 86, 6),
(655, 'Delphox', 'https://img.pokemondb.net/artwork/delphox.jpg', 21, 44, 64, 52, 207, 13, 189, 6),
(656, 'Froakie', 'https://img.pokemondb.net/artwork/froakie.jpg', 26, 72, 46, 43, 7, 27, 48, 6),
(657, 'Frogadier', 'https://img.pokemondb.net/artwork/frogadier.jpg', 5, 61, 8, 16, 12, 46, 55, 6),
(658, 'Greninja', 'https://img.pokemondb.net/artwork/greninja.jpg', 30, 52, 63, 74, 230, 48, 284, 6),
(659, 'Bunnelby', 'https://img.pokemondb.net/artwork/bunnelby.jpg', 190, 88, 157, 88, 181, 157, 81, 6),
(660, 'Diggersby', 'https://img.pokemondb.net/artwork/diggersby.jpg', 287, 25, 46, 83, 18, 83, 22, 6),
(661, 'Fletchling', 'https://img.pokemondb.net/artwork/fletchling.jpg', 178, 2, 18, 17, 43, 88, 7, 6),
(662, 'Fletchinder', 'https://img.pokemondb.net/artwork/fletchinder.jpg', 288, 7, 86, 38, 46, 16, 23, 6),
(663, 'Talonflame', 'https://img.pokemondb.net/artwork/talonflame.jpg', 289, 22, 54, 48, 205, 64, 290, 6),
(664, 'Scatterbug', 'https://img.pokemondb.net/artwork/scatterbug.jpg', 142, 88, 35, 43, 258, 39, 35, 6),
(665, 'Spewpa', 'https://img.pokemondb.net/artwork/spewpa.jpg', 291, 2, 264, 6, 258, 34, 222, 6),
(666, 'Vivillon', 'https://img.pokemondb.net/artwork/vivillon.jpg', 233, 9, 16, 18, 41, 18, 208, 6),
(667, 'Litleo', 'https://img.pokemondb.net/artwork/litleo.jpg', 292, 7, 18, 19, 86, 61, 52, 6),
(668, 'Pyroar', 'https://img.pokemondb.net/artwork/pyroar.jpg', 293, 159, 138, 52, 24, 202, 152, 6),
(669, 'Flabébé', 'https://img.pokemondb.net/artwork/flabebe.jpg', 263, 27, 88, 15, 59, 31, 128, 6),
(670, 'Floette', 'https://img.pokemondb.net/artwork/floette.jpg', 294, 61, 2, 71, 44, 247, 16, 6),
(671, 'Florges', 'https://img.pokemondb.net/artwork/florges.jpg', 295, 22, 4, 138, 228, 153, 44, 6),
(672, 'Skiddo', 'https://img.pokemondb.net/artwork/skiddo.jpg', 105, 202, 4, 28, 7, 81, 16, 6),
(673, 'Gogoat', 'https://img.pokemondb.net/artwork/gogoat.jpg', 296, 236, 13, 7, 55, 54, 138, 6),
(674, 'Pancham', 'https://img.pokemondb.net/artwork/pancham.jpg', 226, 74, 11, 7, 80, 28, 17, 6),
(675, 'Pangoro', 'https://img.pokemondb.net/artwork/pangoro.jpg', 117, 63, 277, 22, 64, 48, 19, 6),
(676, 'Furfrou', 'https://img.pokemondb.net/artwork/furfrou.jpg', 272, 44, 9, 6, 4, 41, 82, 6),
(677, 'Espurr', 'https://img.pokemondb.net/artwork/espurr.jpg', 145, 7, 28, 61, 8, 6, 138, 6),
(678, 'Meowstic', 'https://img.pokemondb.net/artwork/meowstic.jpg', 297, 205, 28, 78, 12, 54, 189, 6),
(679, 'Honedge', 'https://img.pokemondb.net/artwork/honedge.jpg', 120, 2, 9, 13, 35, 172, 162, 6),
(680, 'Doublade', 'https://img.pokemondb.net/artwork/doublade.jpg', 62, 29, 67, 130, 2, 3, 35, 6),
(681, 'Aegislash', 'https://img.pokemondb.net/artwork/aegislash.jpg', 104, 6, 18, 92, 18, 92, 6, 6),
(682, 'Spritzee', 'https://img.pokemondb.net/artwork/spritzee.jpg', 298, 22, 16, 6, 8, 4, 188, 6),
(683, 'Aromatisse', 'https://img.pokemondb.net/artwork/aromatisse.jpg', 299, 50, 52, 52, 204, 208, 222, 6),
(684, 'Swirlix', 'https://img.pokemondb.net/artwork/swirlix.jpg', 298, 7, 28, 202, 29, 81, 3, 6),
(685, 'Slurpuff', 'https://img.pokemondb.net/artwork/slurpuff.jpg', 171, 11, 9, 159, 25, 44, 52, 6),
(686, 'Inkay', 'https://img.pokemondb.net/artwork/inkay.jpg', 60, 132, 61, 132, 172, 80, 2, 6),
(687, 'Malamar', 'https://img.pokemondb.net/artwork/malamar.jpg', 225, 159, 76, 210, 138, 44, 86, 6),
(688, 'Binacle', 'https://img.pokemondb.net/artwork/binacle.jpg', 300, 128, 16, 74, 15, 46, 18, 6),
(689, 'Barbaracle', 'https://img.pokemondb.net/artwork/barbaracle.jpg', 104, 52, 32, 90, 61, 159, 138, 6),
(690, 'Skrelp', 'https://img.pokemondb.net/artwork/skrelp.jpg', 65, 18, 6, 6, 6, 6, 34, 6),
(691, 'Dragalge', 'https://img.pokemondb.net/artwork/dragalge.jpg', 235, 4, 44, 41, 55, 236, 27, 6),
(692, 'Clauncher', 'https://img.pokemondb.net/artwork/clauncher.jpg', 129, 18, 132, 7, 19, 8, 27, 6),
(693, 'Clawitzer', 'https://img.pokemondb.net/artwork/clawitzer.jpg', 104, 48, 86, 210, 101, 208, 29, 6),
(694, 'Helioptile', 'https://img.pokemondb.net/artwork/helioptile.jpg', 301, 27, 88, 169, 59, 17, 42, 6),
(695, 'Heliolisk', 'https://img.pokemondb.net/artwork/heliolisk.jpg', 302, 7, 38, 16, 24, 206, 24, 6),
(696, 'Tyrunt', 'https://img.pokemondb.net/artwork/tyrunt.jpg', 303, 19, 208, 83, 2, 2, 28, 6),
(697, 'Tyrantrum', 'https://img.pokemondb.net/artwork/tyrantrum.jpg', 304, 11, 305, 306, 64, 29, 48, 6),
(698, 'Amaura', 'https://img.pokemondb.net/artwork/amaura.jpg', 303, 83, 29, 18, 74, 8, 80, 6),
(699, 'Aurorus', 'https://img.pokemondb.net/artwork/aurorus.jpg', 304, 236, 83, 52, 204, 76, 19, 6),
(700, 'Sylveon', 'https://img.pokemondb.net/artwork/sylveon.jpg', 10, 63, 4, 4, 67, 113, 6, 6),
(701, 'Hawlucha', 'https://img.pokemondb.net/artwork/hawlucha.jpg', 104, 22, 76, 44, 205, 8, 218, 6),
(702, 'Dedenne', 'https://img.pokemondb.net/artwork/dedenne.jpg', 307, 74, 19, 81, 54, 74, 50, 6),
(703, 'Carbink', 'https://img.pokemondb.net/artwork/carbink.jpg', 104, 18, 18, 130, 18, 130, 18, 6),
(704, 'Goomy', 'https://img.pokemondb.net/artwork/goomy.jpg', 68, 2, 18, 35, 38, 44, 43, 6),
(705, 'Sliggoo', 'https://img.pokemondb.net/artwork/sliggoo.jpg', 158, 138, 44, 132, 12, 241, 6, 6),
(706, 'Goodra', 'https://img.pokemondb.net/artwork/goodra.jpg', 148, 41, 13, 42, 67, 130, 9, 6),
(707, 'Klefki', 'https://img.pokemondb.net/artwork/klefki.jpg', 123, 81, 9, 149, 9, 77, 44, 6),
(708, 'Phantump', 'https://img.pokemondb.net/artwork/phantump.jpg', 14, 17, 42, 28, 18, 6, 88, 6),
(709, 'Trevenant', 'https://img.pokemondb.net/artwork/trevenant.jpg', 191, 25, 67, 78, 4, 11, 46, 6),
(710, 'Pumpkaboo', 'https://img.pokemondb.net/artwork/pumpkaboo.jpg', 115, 3, 202, 42, 27, 38, 174, 6),
(711, 'Gourgeist', 'https://img.pokemondb.net/artwork/gourgeist.jpg', 235, 4, 41, 284, 19, 44, 23, 6),
(712, 'Bergmite', 'https://img.pokemondb.net/artwork/bergmite.jpg', 308, 38, 64, 25, 181, 35, 162, 6),
(713, 'Avalugg', 'https://img.pokemondb.net/artwork/avalugg.jpg', 309, 63, 261, 310, 27, 80, 162, 6),
(714, 'Noibat', 'https://img.pokemondb.net/artwork/noibat.jpg', 93, 43, 34, 35, 2, 43, 38, 6),
(715, 'Noivern', 'https://img.pokemondb.net/artwork/noivern.jpg', 144, 25, 42, 9, 55, 9, 236, 6),
(716, 'Xerneas', 'https://img.pokemondb.net/artwork/xerneas.jpg', 151, 290, 274, 63, 274, 247, 204, 6),
(717, 'Yveltal', 'https://img.pokemondb.net/artwork/yveltal.jpg', 151, 290, 274, 63, 274, 247, 204, 6),
(718, 'Zygarde', 'https://img.pokemondb.net/artwork/zygarde.jpg', 148, 209, 13, 305, 54, 63, 63, 6),
(719, 'Diancie', 'https://img.pokemondb.net/artwork/diancie.jpg', 148, 18, 13, 130, 13, 130, 18, 6),
(720, 'Hoopa', 'https://img.pokemondb.net/artwork/hoopa.jpg', 148, 9, 67, 6, 130, 113, 42, 6),
(721, 'Volcanion', 'https://img.pokemondb.net/artwork/volcanion.jpg', 148, 9, 67, 101, 113, 41, 42, 6),
(722, 'Rowlet', 'https://img.pokemondb.net/artwork/rowlet.jpg', 65, 138, 38, 38, 18, 18, 128, 7),
(723, 'Dartrix', 'https://img.pokemondb.net/artwork/dartrix.jpg', 147, 22, 44, 44, 42, 42, 16, 7),
(724, 'Decidueye', 'https://img.pokemondb.net/artwork/decidueye.jpg', 30, 22, 203, 44, 13, 13, 42, 7),
(725, 'Litten', 'https://img.pokemondb.net/artwork/litten.jpg', 65, 2, 4, 43, 6, 43, 42, 7),
(726, 'Torracat', 'https://img.pokemondb.net/artwork/torracat.jpg', 147, 4, 25, 18, 9, 18, 41, 7),
(727, 'Incineroar', 'https://img.pokemondb.net/artwork/incineroar.jpg', 30, 63, 90, 41, 9, 41, 6, 7),
(728, 'Popplio', 'https://img.pokemondb.net/artwork/popplio.jpg', 65, 18, 61, 61, 202, 46, 43, 7),
(729, 'Brionne', 'https://img.pokemondb.net/artwork/brionne.jpg', 147, 6, 64, 64, 149, 54, 18, 7),
(730, 'Primarina', 'https://img.pokemondb.net/artwork/primarina.jpg', 30, 9, 205, 205, 290, 232, 6, 7),
(731, 'Pikipek', 'https://img.pokemondb.net/artwork/pikipek.jpg', 98, 35, 44, 34, 34, 34, 4, 7),
(732, 'Trumbeak', 'https://img.pokemondb.net/artwork/trumbeak.jpg', 145, 38, 25, 18, 43, 18, 44, 7),
(733, 'Toucannon', 'https://img.pokemondb.net/artwork/toucannon.jpg', 66, 9, 101, 44, 44, 44, 6, 7),
(734, 'Yungoos', 'https://img.pokemondb.net/artwork/yungoos.jpg', 51, 28, 42, 34, 34, 34, 2, 7),
(735, 'Gumshoos', 'https://img.pokemondb.net/artwork/gumshoos.jpg', 242, 210, 67, 6, 38, 6, 2, 7),
(736, 'Grubbin', 'https://img.pokemondb.net/artwork/grubbin.jpg', 68, 71, 7, 2, 38, 2, 80, 7),
(737, 'Charjabug', 'https://img.pokemondb.net/artwork/charjabug.jpg', 111, 81, 11, 63, 38, 44, 157, 7),
(738, 'Vikavolt', 'https://img.pokemondb.net/artwork/vikavolt.jpg', 104, 83, 42, 41, 238, 44, 17, 7),
(739, 'Crabrawler', 'https://img.pokemondb.net/artwork/crabrawler.jpg', 311, 71, 11, 81, 128, 71, 8, 7),
(740, 'Crabominable', 'https://img.pokemondb.net/artwork/crabominable.jpg', 312, 55, 313, 83, 7, 74, 17, 7),
(741, 'Oricorio', 'https://www.mangaluxe.com/pokemon/img/plumeline-oricorio-pom-pom.png ', 314, 44, 42, 42, 247, 42, 141, 7),
(742, 'Cutiefly', 'https://img.pokemondb.net/artwork/cutiefly.jpg', 308, 43, 2, 43, 38, 43, 23, 7),
(743, 'Ribombee', 'https://img.pokemondb.net/artwork/ribombee.jpg', 270, 6, 38, 6, 63, 42, 277, 7),
(744, 'Rockruff', 'https://img.pokemondb.net/artwork/rockruff.jpg', 164, 2, 4, 43, 34, 43, 6, 7),
(745, 'Lycanroc', 'https://assets.pokemon.com/assets/cms2/img/pokedex/full/746.png ', 249, 44, 90, 4, 38, 4, 228, 7),
(746, 'Wishiwashi', 'https://www.pokepedia.fr/images/0/08/Bekaglaçon_(Tête_de_Gel)-EB.png', 315, 2, 36, 36, 39, 39, 43, 7),
(747, 'Mareanie', 'https://img.pokemondb.net/artwork/mareanie.jpg', 97, 18, 132, 7, 17, 16, 2, 7),
(748, 'Toxapex', 'https://img.pokemondb.net/artwork/toxapex.jpg', 117, 18, 8, 316, 132, 317, 35, 7),
(749, 'Mudbray', 'https://img.pokemondb.net/artwork/mudbray.jpg', 107, 42, 13, 42, 2, 38, 2, 7),
(750, 'Mudsdale', 'https://img.pokemondb.net/artwork/mudsdale.jpg', 104, 13, 131, 13, 38, 25, 35, 7),
(751, 'Dewpider', 'https://img.pokemondb.net/artwork/dewpider.jpg', 180, 88, 43, 16, 43, 52, 258, 7),
(752, 'Araquanid', 'https://img.pokemondb.net/artwork/araquanid.jpg', 182, 138, 42, 76, 18, 313, 128, 7),
(753, 'Fomantis', 'https://img.pokemondb.net/artwork/fomantis.jpg', 135, 43, 38, 35, 18, 35, 35, 7),
(754, 'Lurantis', 'https://img.pokemondb.net/artwork/lurantis.jpg', 171, 42, 32, 41, 9, 41, 2, 7),
(755, 'Morelull', 'https://img.pokemondb.net/artwork/morelull.jpg', 96, 43, 35, 38, 4, 44, 110, 7),
(756, 'Shiinotic', 'https://img.pokemondb.net/artwork/shiinotic.jpg', 5, 6, 2, 9, 41, 13, 34, 7),
(757, 'Salandit', 'https://img.pokemondb.net/artwork/salandit.jpg', 65, 28, 27, 43, 48, 43, 83, 7),
(758, 'Salazzle', 'https://img.pokemondb.net/artwork/salazzle.jpg', 171, 138, 20, 6, 211, 6, 261, 7),
(759, 'Stufful', 'https://img.pokemondb.net/artwork/stufful.jpg', 133, 42, 44, 18, 2, 18, 18, 7),
(760, 'Bewear', 'https://img.pokemondb.net/artwork/bewear.jpg', 104, 101, 131, 9, 38, 6, 6, 7),
(761, 'Bounsweet', 'https://img.pokemondb.net/artwork/bounsweet.jpg', 163, 128, 34, 88, 34, 88, 181, 7),
(762, 'Steenee', 'https://img.pokemondb.net/artwork/steenee.jpg', 102, 16, 43, 28, 43, 28, 7, 7),
(763, 'Tsareena', 'https://img.pokemondb.net/artwork/tsareena.jpg', 108, 52, 101, 247, 18, 247, 52, 7),
(764, 'Comfey', 'https://img.pokemondb.net/artwork/comfey.jpg', 66, 174, 16, 41, 11, 67, 13, 7),
(765, 'Oranguru', 'https://img.pokemondb.net/artwork/oranguru.jpg', 95, 41, 6, 9, 41, 67, 6, 7),
(766, 'Passimian', 'https://img.pokemondb.net/artwork/passimian.jpg', 95, 13, 101, 41, 43, 6, 9, 7),
(767, 'Wimpod', 'https://img.pokemondb.net/artwork/wimpod.jpg', 170, 39, 35, 43, 36, 34, 9, 7),
(768, 'Golisopod', 'https://img.pokemondb.net/artwork/golisopod.jpg', 30, 44, 131, 92, 6, 41, 43, 7),
(769, 'Sandygast', 'https://img.pokemondb.net/artwork/sandygast.jpg', 65, 38, 38, 9, 42, 2, 110, 7),
(770, 'Palossand', 'https://img.pokemondb.net/artwork/palossand.jpg', 171, 25, 44, 67, 13, 44, 35, 7),
(771, 'Pyukumuku', 'https://img.pokemondb.net/artwork/pyukumuku.jpg', 118, 38, 6, 113, 34, 113, 136, 7),
(772, 'Type: Null', 'https://img.pokemondb.net/artwork/type-null.jpg', 21, 63, 63, 63, 63, 63, 29, 7),
(773, 'Silvally', 'https://img.pokemondb.net/artwork/silvally.jpg', 318, 63, 63, 63, 63, 63, 63, 7),
(774, 'Minior', 'https://img.pokemondb.net/artwork/minior.jpg', 103, 6, 6, 13, 6, 13, 6, 7),
(775, 'Komala', 'https://img.pokemondb.net/artwork/komala.jpg', 171, 4, 90, 4, 44, 63, 4, 7),
(776, 'Turtonator', 'https://img.pokemondb.net/artwork/turtonator.jpg', 66, 6, 22, 112, 149, 25, 157, 7),
(777, 'Togedemaru', 'https://img.pokemondb.net/artwork/togedemaru.jpg', 91, 4, 247, 8, 43, 86, 160, 7),
(778, 'Mimikyu', 'https://img.pokemondb.net/artwork/mimikyu.jpg', 314, 38, 41, 9, 18, 32, 160, 7),
(779, 'Bruxish', 'https://img.pokemondb.net/artwork/bruxish.jpg', 124, 138, 32, 42, 42, 42, 76, 7),
(780, 'Drampa', 'https://img.pokemondb.net/artwork/drampa.jpg', 66, 22, 6, 25, 112, 149, 157, 7),
(781, 'Dhelmise', 'https://img.pokemondb.net/artwork/dhelmise.jpg', 319, 42, 274, 13, 159, 41, 43, 7),
(782, 'Jangmo-o', 'https://img.pokemondb.net/artwork/jangmo-o.jpg', 68, 2, 38, 4, 2, 2, 2, 7),
(783, 'Hakamo-o', 'https://img.pokemondb.net/artwork/hakamo-o.jpg', 147, 38, 44, 41, 4, 42, 4, 7),
(784, 'Kommo-o', 'https://img.pokemondb.net/artwork/kommo-o.jpg', 148, 44, 67, 131, 13, 32, 25, 7),
(785, 'Tapu Koko', 'https://img.pokemondb.net/artwork/tapu-koko.jpg', 318, 42, 90, 25, 63, 44, 113, 7),
(786, 'Tapu Lele', 'https://img.pokemondb.net/artwork/tapu-lele.jpg', 318, 42, 25, 44, 113, 90, 63, 7),
(787, 'Tapu Bulu', 'https://img.pokemondb.net/artwork/tapu-bulu.jpg', 318, 42, 113, 90, 25, 63, 44, 7),
(788, 'Tapu Fini', 'https://img.pokemondb.net/artwork/tapu-fini.jpg', 318, 42, 44, 90, 63, 113, 25, 7),
(789, 'Cosmog', 'https://img.pokemondb.net/artwork/cosmog.jpg', 142, 17, 222, 57, 222, 57, 172, 7),
(790, 'Cosmoem', 'https://img.pokemondb.net/artwork/cosmoem.jpg', 111, 17, 222, 274, 222, 274, 172, 7),
(791, 'Solgaleo', 'https://img.pokemondb.net/artwork/solgaleo.jpg', 151, 320, 320, 203, 241, 208, 55, 7),
(792, 'Lunala', 'https://img.pokemondb.net/artwork/lunala.jpg', 151, 320, 241, 208, 320, 203, 55, 7),
(793, 'Nihilego', 'https://img.pokemondb.net/artwork/nihilego.jpg', 318, 24, 132, 71, 321, 274, 230, 7),
(794, 'Buzzwole', 'https://img.pokemondb.net/artwork/buzzwole.jpg', 318, 203, 322, 322, 132, 132, 31, 7),
(795, 'Pheromosa', 'https://img.pokemondb.net/artwork/pheromosa.jpg', 318, 48, 320, 172, 320, 172, 323, 7),
(796, 'Xurkitree', 'https://img.pokemondb.net/artwork/xurkitree.jpg', 318, 12, 208, 48, 324, 48, 12, 7),
(797, 'Celesteela', 'https://img.pokemondb.net/artwork/celesteela.jpg', 318, 55, 50, 230, 203, 50, 59, 7),
(798, 'Kartana', 'https://img.pokemondb.net/artwork/kartana.jpg', 318, 29, 325, 274, 29, 57, 24, 7),
(799, 'Guzzlord', 'https://img.pokemondb.net/artwork/guzzlord.jpg', 318, 326, 50, 132, 55, 132, 17, 7),
(800, 'Necrozma', 'https://img.pokemondb.net/artwork/necrozma.jpg', 148, 55, 203, 50, 321, 208, 31, 7),
(801, 'Magearna', 'https://img.pokemondb.net/artwork/magearna.jpg', 148, 9, 63, 90, 113, 90, 4, 7),
(802, 'Marshadow', 'https://img.pokemondb.net/artwork/marshadow.jpg', 148, 41, 131, 9, 41, 41, 131, 7),
(803, 'Poipole', 'https://img.pokemondb.net/artwork/poipole.jpg', 147, 74, 86, 74, 86, 74, 86, 8),
(804, 'Naganadel', 'https://img.pokemondb.net/artwork/naganadel.jpg', 143, 86, 86, 86, 321, 86, 305, 8),
(805, 'Stakataka', 'https://img.pokemondb.net/artwork/stakataka.jpg', 318, 59, 274, 327, 132, 50, 328, 8),
(806, 'Blacephalon', 'https://img.pokemondb.net/artwork/blacephalon.jpg', 318, 132, 321, 132, 323, 31, 203, 8),
(807, 'Zeraora', 'https://img.pokemondb.net/artwork/zeraora.jpg', 148, 210, 228, 44, 82, 9, 329, 8),
(808, 'Meltan', 'https://img.pokemondb.net/artwork/meltan.jpg', 68, 80, 4, 4, 38, 35, 155, 8),
(809, 'Melmetal', 'https://img.pokemondb.net/artwork/melmetal.jpg', 148, 112, 329, 329, 9, 4, 155, 8),
(810, 'Grookey', 'https://img.pokemondb.net/artwork/grookey.jpg', 109, 18, 4, 18, 43, 43, 4, 8),
(811, 'Thwackey', 'https://img.pokemondb.net/artwork/thwackey.jpg', 147, 42, 25, 42, 38, 6, 9, 8),
(812, 'Rillaboom', 'https://img.pokemondb.net/artwork/rillaboom.jpg', 30, 13, 131, 41, 6, 42, 25, 8),
(813, 'Scorbunny', 'https://img.pokemondb.net/artwork/scorbunny.jpg', 109, 18, 48, 43, 43, 43, 64, 8),
(814, 'Raboot', 'https://img.pokemondb.net/artwork/raboot.jpg', 147, 4, 159, 6, 38, 6, 206, 8),
(815, 'Cinderace', 'https://img.pokemondb.net/artwork/cinderace.jpg', 30, 9, 232, 44, 4, 44, 306, 8),
(816, 'Sobble', 'https://img.pokemondb.net/artwork/sobble.jpg', 109, 18, 43, 43, 42, 43, 42, 8),
(817, 'Drizzile', 'https://img.pokemondb.net/artwork/drizzile.jpg', 147, 4, 6, 38, 63, 38, 41, 8),
(818, 'Inteleon', 'https://img.pokemondb.net/artwork/inteleon.jpg', 30, 42, 25, 4, 131, 4, 101, 8),
(819, 'Skwovet', 'https://img.pokemondb.net/artwork/skwovet.jpg', 70, 42, 38, 38, 35, 35, 39, 8),
(820, 'Greedent', 'https://img.pokemondb.net/artwork/greedent.jpg', 140, 101, 63, 63, 38, 44, 36, 8),
(821, 'Rookidee', 'https://img.pokemondb.net/artwork/rookidee.jpg', 93, 88, 71, 35, 169, 35, 81, 8),
(822, 'Corvisquire', 'https://img.pokemondb.net/artwork/corvisquire.jpg', 73, 138, 74, 38, 17, 38, 83, 8),
(823, 'Corviknight', 'https://img.pokemondb.net/artwork/corviknight.jpg', 117, 247, 77, 32, 132, 25, 74, 8),
(824, 'Blipbug', 'https://img.pokemondb.net/artwork/blipbug.jpg', 125, 39, 36, 36, 39, 2, 2, 8),
(825, 'Dottler', 'https://img.pokemondb.net/artwork/dottler.jpg', 115, 18, 35, 9, 18, 41, 34, 8),
(826, 'Orbeetle', 'https://img.pokemondb.net/artwork/orbeetle.jpg', 75, 6, 2, 67, 9, 101, 41, 8),
(827, 'Nickit', 'https://img.pokemondb.net/artwork/nickit.jpg', 93, 43, 162, 162, 71, 16, 18, 8),
(828, 'Thievul', 'https://img.pokemondb.net/artwork/thievul.jpg', 94, 42, 19, 19, 77, 76, 41, 8),
(829, 'Gossifleur', 'https://img.pokemondb.net/artwork/gossifleur.jpg', 135, 43, 43, 6, 43, 6, 99, 8),
(830, 'Eldegoss', 'https://img.pokemondb.net/artwork/eldegoss.jpg', 140, 6, 18, 41, 9, 101, 6, 8),
(831, 'Wooloo', 'https://img.pokemondb.net/artwork/wooloo.jpg', 89, 128, 43, 38, 43, 2, 28, 8),
(832, 'Dubwool', 'https://img.pokemondb.net/artwork/dubwool.jpg', 95, 52, 9, 13, 6, 41, 210, 8),
(833, 'Chewtle', 'https://img.pokemondb.net/artwork/chewtle.jpg', 330, 18, 20, 18, 88, 88, 27, 8),
(834, 'Drednaw', 'https://img.pokemondb.net/artwork/drednaw.jpg', 66, 41, 90, 41, 28, 138, 205, 8),
(835, 'Yamper', 'https://img.pokemondb.net/artwork/yamper.jpg', 89, 29, 2, 18, 43, 18, 331, 8),
(836, 'Boltund', 'https://img.pokemondb.net/artwork/boltund.jpg', 95, 64, 41, 6, 41, 6, 305, 8),
(837, 'Rolycoly', 'https://img.pokemondb.net/artwork/rolycoly.jpg', 176, 34, 43, 18, 43, 18, 34, 8),
(838, 'Carkol', 'https://img.pokemondb.net/artwork/carkol.jpg', 118, 9, 6, 41, 6, 42, 18, 8),
(839, 'Coalossal', 'https://img.pokemondb.net/artwork/coalossal.jpg', 108, 67, 9, 101, 9, 41, 34, 8),
(840, 'Applin', 'https://img.pokemondb.net/artwork/applin.jpg', 194, 43, 43, 9, 43, 43, 36, 8),
(841, 'Flapple', 'https://img.pokemondb.net/artwork/flapple.jpg', 66, 42, 67, 9, 63, 6, 42, 8),
(842, 'Appletun', 'https://img.pokemondb.net/artwork/appletun.jpg', 66, 67, 25, 9, 13, 9, 34, 8),
(843, 'Silicobra', 'https://img.pokemondb.net/artwork/silicobra.jpg', 119, 16, 81, 44, 35, 18, 80, 8),
(844, 'Sandaconda', 'https://img.pokemondb.net/artwork/sandaconda.jpg', 108, 52, 203, 131, 4, 42, 48, 8),
(845, 'Cramorant', 'https://img.pokemondb.net/artwork/cramorant.jpg', 124, 42, 25, 38, 25, 63, 25, 8),
(846, 'Arrokuda', 'https://img.pokemondb.net/artwork/arrokuda.jpg', 164, 72, 8, 43, 43, 34, 202, 8),
(847, 'Barraskewda', 'https://img.pokemondb.net/artwork/barraskewda.jpg', 95, 59, 236, 6, 6, 18, 332, 8),
(848, 'Toxel', 'https://img.pokemondb.net/artwork/toxel.jpg', 333, 43, 88, 35, 61, 35, 43, 8),
(849, 'Toxtricity', 'https://img.pokemondb.net/artwork/toxtricity.jpg', 334, 44, 247, 42, 207, 42, 44, 8),
(850, 'Sizzlipede', 'https://img.pokemondb.net/artwork/sizzlipede.jpg', 97, 18, 4, 2, 18, 18, 2, 8),
(851, 'Centiskorch', 'https://img.pokemondb.net/artwork/centiskorch.jpg', 10, 13, 90, 4, 41, 41, 4, 8),
(852, 'Clobbopus', 'https://img.pokemondb.net/artwork/clobbopus.jpg', 109, 18, 138, 6, 18, 18, 181, 8),
(853, 'Grapploct', 'https://img.pokemondb.net/artwork/grapploct.jpg', 171, 9, 218, 41, 42, 9, 128, 8),
(854, 'Sinistea', 'https://img.pokemondb.net/artwork/sinistea.jpg', 201, 43, 2, 2, 205, 61, 18, 8),
(855, 'Polteageist', 'https://img.pokemondb.net/artwork/polteageist.jpg', 254, 6, 4, 4, 150, 207, 42, 8),
(856, 'Hatenna', 'https://img.pokemondb.net/artwork/hatenna.jpg', 98, 128, 34, 2, 46, 132, 15, 8),
(857, 'Hattrem', 'https://img.pokemondb.net/artwork/hattrem.jpg', 243, 81, 43, 4, 159, 86, 3, 8),
(858, 'Hatterene', 'https://img.pokemondb.net/artwork/hatterene.jpg', 108, 81, 41, 63, 332, 230, 222, 8),
(859, 'Impidimp', 'https://img.pokemondb.net/artwork/impidimp.jpg', 98, 2, 2, 34, 38, 43, 18, 8),
(860, 'Morgrem', 'https://img.pokemondb.net/artwork/morgrem.jpg', 243, 4, 6, 2, 44, 38, 42, 8),
(861, 'Grimmsnarl', 'https://img.pokemondb.net/artwork/grimmsnarl.jpg', 108, 63, 101, 4, 63, 44, 6, 8),
(862, 'Obstagoon', 'https://img.pokemondb.net/artwork/obstagoon.jpg', 139, 141, 41, 50, 6, 54, 63, 8),
(863, 'Perrserker', 'https://img.pokemondb.net/artwork/perrserker.jpg', 103, 42, 67, 13, 18, 6, 18, 8),
(864, 'Cursola', 'https://img.pokemondb.net/artwork/cursola.jpg', 108, 6, 63, 18, 238, 113, 34, 8),
(865, 'Sirfetch\'d', 'https://img.pokemondb.net/artwork/sirfetchd.jpg', 293, 7, 112, 63, 138, 11, 4, 8),
(866, 'Mr. Rime', 'https://img.pokemondb.net/artwork/mr-rime.jpg', 139, 9, 25, 44, 67, 13, 42, 8),
(867, 'Runerigus', 'https://img.pokemondb.net/artwork/runerigus.jpg', 85, 19, 63, 238, 18, 32, 34, 8),
(868, 'Milcery', 'https://img.pokemondb.net/artwork/milcery.jpg', 89, 2, 43, 43, 18, 59, 155, 8),
(869, 'Alcremie', 'https://img.pokemondb.net/artwork/alcremie.jpg', 117, 4, 6, 44, 67, 305, 20, 8),
(870, 'Falinks', 'https://img.pokemondb.net/artwork/falinks.jpg', 123, 4, 13, 13, 42, 6, 44, 8),
(871, 'Pincurchin', 'https://img.pokemondb.net/artwork/pincurchin.jpg', 91, 28, 50, 63, 149, 25, 110, 8),
(872, 'Snom', 'https://img.pokemondb.net/artwork/snom.jpg', 335, 34, 39, 35, 2, 34, 36, 8),
(873, 'Frosmoth', 'https://img.pokemondb.net/artwork/frosmoth.jpg', 124, 42, 4, 6, 131, 41, 4, 8),
(874, 'Stonjourner', 'https://img.pokemondb.net/artwork/stonjourner.jpg', 123, 13, 131, 112, 36, 36, 42, 8),
(875, 'Eiscue', 'https://www.pokepedia.fr/images/0/08/Bekaglaçon_(Tête_de_Gel)-EB.png ', 123, 44, 9, 67, 4, 41, 18, 8),
(876, 'Indeedee', 'https://img.pokemondb.net/artwork/indeedee.jpg', 124, 6, 4, 38, 32, 63, 63, 8),
(877, 'Morpeko', 'https://www.pokepedia.fr/images/thumb/c/c8/Morpeko_(Mode_Rassasié)-EB.png/671px-Morpeko_(Mode_Rassasié)-EB.png', 336, 19, 63, 19, 42, 19, 55, 8),
(878, 'Cufant', 'https://img.pokemondb.net/artwork/cufant.jpg', 129, 52, 9, 3, 43, 3, 43, 8),
(879, 'Copperajah', 'https://img.pokemondb.net/artwork/copperajah.jpg', 104, 284, 113, 64, 9, 64, 34, 8),
(880, 'Dracozolt', 'https://img.pokemondb.net/artwork/dracozolt.jpg', 75, 41, 13, 41, 9, 42, 44, 8),
(881, 'Arctozolt', 'https://img.pokemondb.net/artwork/arctozolt.jpg', 75, 41, 13, 41, 41, 9, 38, 8),
(882, 'Dracovish', 'https://img.pokemondb.net/artwork/dracovish.jpg', 75, 41, 41, 13, 42, 9, 44, 8),
(883, 'Arctovish', 'https://img.pokemondb.net/artwork/arctovish.jpg', 75, 41, 41, 13, 9, 41, 38, 8),
(884, 'Duraludon', 'https://img.pokemondb.net/artwork/duraludon.jpg', 144, 42, 63, 90, 101, 18, 25, 8),
(885, 'Dreepy', 'https://img.pokemondb.net/artwork/dreepy.jpg', 89, 162, 6, 34, 43, 34, 11, 8),
(886, 'Drakloak', 'https://img.pokemondb.net/artwork/drakloak.jpg', 118, 138, 9, 18, 6, 18, 82, 8),
(887, 'Dragapult', 'https://img.pokemondb.net/artwork/dragapult.jpg', 148, 210, 101, 44, 13, 44, 317, 8),
(888, 'Zacian', 'https://img.pokemondb.net/artwork/zacian.jpg', 239, 76, 198, 90, 9, 90, 337, 8),
(889, 'Zamazenta', 'https://img.pokemondb.net/artwork/zamazenta.jpg', 239, 76, 113, 238, 9, 238, 282, 8),
(890, 'Eternatus', 'https://img.pokemondb.net/artwork/eternatus.jpg', 338, 92, 25, 63, 238, 63, 113, 8),
(891, 'Kubfu', 'https://img.pokemondb.net/artwork/kubfu.jpg', 107, 6, 41, 6, 132, 18, 52, 8),
(892, 'Urshifu', 'https://swordshield.pokemon.com/assets/img/articles/ex/pokemon_urshifu_2x.png', 279, 13, 113, 13, 8, 6, 55, 8),
(893, 'Zarude', 'https://img.pokemondb.net/artwork/zarude.jpg', 148, 32, 101, 32, 42, 63, 32, 8),
(894, 'Regieleki', 'https://img.pokemondb.net/artwork/regieleki.jpg', 146, 9, 13, 18, 13, 18, 142, 8),
(895, 'Regidrago', 'https://img.pokemondb.net/artwork/regidrago.jpg', 146, 142, 13, 18, 13, 18, 9, 8),
(896, 'Glastrier', 'https://img.pokemondb.net/artwork/glastrier.jpg', 146, 13, 238, 113, 4, 67, 34, 8),
(897, 'Spectrier', 'https://img.pokemondb.net/artwork/spectrier.jpg', 146, 13, 4, 6, 238, 9, 113, 8),
(898, 'Calyrex', 'https://img.pokemondb.net/artwork/calyrex.jpg', 104, 13, 9, 9, 9, 9, 9, 8);

-- --------------------------------------------------------

--
-- Doublure de structure pour la vue `special_attack`
-- (Voir ci-dessous la vue réelle)
--
CREATE TABLE `special_attack` (
`id_pokemon` int
,`special_attack` int
);

-- --------------------------------------------------------

--
-- Doublure de structure pour la vue `special_defense`
-- (Voir ci-dessous la vue réelle)
--
CREATE TABLE `special_defense` (
`id_pokemon` int
,`special_defense` int
);

-- --------------------------------------------------------

--
-- Doublure de structure pour la vue `speed`
-- (Voir ci-dessous la vue réelle)
--
CREATE TABLE `speed` (
`id_pokemon` int
,`speed` int
);

-- --------------------------------------------------------

--
-- Structure de la table `stats`
--

CREATE TABLE `stats` (
  `id_stats` int NOT NULL,
  `value` int NOT NULL
) ENGINE=InnoDB DEFAULT CHARSET=utf8mb3;

--
-- Déchargement des données de la table `stats`
--

INSERT INTO `stats` (`id_stats`, `value`) VALUES
(1, 318),
(2, 45),
(3, 49),
(4, 65),
(5, 405),
(6, 60),
(7, 62),
(8, 63),
(9, 80),
(10, 525),
(11, 82),
(12, 83),
(13, 100),
(14, 309),
(15, 39),
(16, 52),
(17, 43),
(18, 50),
(19, 58),
(20, 64),
(21, 534),
(22, 78),
(23, 84),
(24, 109),
(25, 85),
(26, 314),
(27, 44),
(28, 48),
(29, 59),
(30, 530),
(31, 79),
(32, 105),
(33, 195),
(34, 30),
(35, 35),
(36, 20),
(37, 205),
(38, 55),
(39, 25),
(40, 395),
(41, 90),
(42, 70),
(43, 40),
(44, 75),
(45, 251),
(46, 56),
(47, 349),
(48, 71),
(49, 479),
(50, 101),
(51, 253),
(52, 72),
(53, 413),
(54, 81),
(55, 97),
(56, 262),
(57, 31),
(58, 442),
(59, 61),
(60, 288),
(61, 54),
(62, 448),
(63, 95),
(64, 69),
(65, 320),
(66, 485),
(67, 110),
(68, 300),
(69, 450),
(70, 275),
(71, 47),
(72, 41),
(73, 365),
(74, 67),
(75, 505),
(76, 92),
(77, 87),
(78, 76),
(79, 273),
(80, 46),
(81, 57),
(82, 102),
(83, 77),
(84, 323),
(85, 483),
(86, 73),
(87, 299),
(88, 38),
(89, 270),
(90, 115),
(91, 435),
(92, 140),
(93, 245),
(94, 455),
(95, 490),
(96, 285),
(97, 305),
(98, 265),
(99, 10),
(100, 425),
(101, 120),
(102, 290),
(103, 440),
(104, 500),
(105, 350),
(106, 555),
(107, 385),
(108, 510),
(109, 310),
(110, 15),
(111, 400),
(112, 135),
(113, 130),
(114, 390),
(115, 335),
(116, 515),
(117, 495),
(118, 410),
(119, 315),
(120, 325),
(121, 465),
(122, 377),
(123, 470),
(124, 475),
(125, 180),
(126, 160),
(127, 328),
(128, 42),
(129, 330),
(130, 150),
(131, 125),
(132, 53),
(133, 340),
(134, 345),
(135, 250),
(136, 5),
(137, 295),
(138, 68),
(139, 520),
(140, 460),
(141, 93),
(142, 200),
(143, 540),
(144, 535),
(145, 355),
(146, 580),
(147, 420),
(148, 600),
(149, 91),
(150, 134),
(151, 680),
(152, 106),
(153, 154),
(154, 215),
(155, 34),
(156, 415),
(157, 36),
(158, 452),
(159, 86),
(160, 96),
(161, 218),
(162, 28),
(163, 210),
(164, 280),
(165, 360),
(166, 430),
(167, 336),
(168, 190),
(169, 33),
(170, 230),
(171, 480),
(172, 37),
(173, 255),
(174, 51),
(175, 220),
(176, 240),
(177, 198),
(178, 278),
(179, 518),
(180, 269),
(181, 32),
(182, 454),
(183, 670),
(184, 266),
(185, 456),
(186, 236),
(187, 1),
(188, 23),
(189, 104),
(190, 237),
(191, 474),
(192, 144),
(193, 375),
(194, 260),
(195, 380),
(196, 302),
(197, 467),
(198, 170),
(199, 458),
(200, 468),
(201, 308),
(202, 66),
(203, 107),
(204, 99),
(205, 74),
(206, 94),
(207, 114),
(208, 89),
(209, 108),
(210, 88),
(211, 111),
(212, 194),
(213, 384),
(214, 263),
(215, 363),
(216, 523),
(217, 165),
(218, 118),
(219, 168),
(220, 138),
(221, 224),
(222, 29),
(223, 424),
(224, 244),
(225, 482),
(226, 348),
(227, 498),
(228, 112),
(229, 329),
(230, 103),
(231, 24),
(232, 116),
(233, 411),
(234, 334),
(235, 494),
(236, 123),
(237, 545),
(238, 145),
(239, 720),
(240, 528),
(241, 113),
(242, 418),
(243, 370),
(244, 281),
(245, 446),
(246, 316),
(247, 98),
(248, 292),
(249, 487),
(250, 264),
(251, 358),
(252, 488),
(253, 497),
(254, 508),
(255, 445),
(256, 294),
(257, 509),
(258, 27),
(259, 351),
(260, 519),
(261, 117),
(262, 461),
(263, 303),
(264, 22),
(265, 133),
(266, 401),
(267, 567),
(268, 473),
(269, 428),
(270, 464),
(271, 319),
(272, 472),
(273, 489),
(274, 131),
(275, 147),
(276, 471),
(277, 124),
(278, 484),
(279, 550),
(280, 129),
(281, 660),
(282, 128),
(283, 313),
(284, 122),
(285, 307),
(286, 409),
(287, 423),
(288, 382),
(289, 499),
(290, 126),
(291, 213),
(292, 369),
(293, 507),
(294, 371),
(295, 552),
(296, 531),
(297, 466),
(298, 341),
(299, 462),
(300, 306),
(301, 289),
(302, 481),
(303, 362),
(304, 521),
(305, 121),
(306, 119),
(307, 431),
(308, 304),
(309, 514),
(310, 184),
(311, 338),
(312, 478),
(313, 132),
(314, 476),
(315, 175),
(316, 152),
(317, 142),
(318, 570),
(319, 517),
(320, 137),
(321, 127),
(322, 139),
(323, 151),
(324, 173),
(325, 181),
(326, 223),
(327, 211),
(328, 13),
(329, 143),
(330, 284),
(331, 26),
(332, 136),
(333, 242),
(334, 502),
(335, 185),
(336, 436),
(337, 148),
(338, 690);

-- --------------------------------------------------------

--
-- Doublure de structure pour la vue `total`
-- (Voir ci-dessous la vue réelle)
--
CREATE TABLE `total` (
`id_pokemon` int
,`total` int
);

-- --------------------------------------------------------

--
-- Structure de la table `types`
--

CREATE TABLE `types` (
  `id_type` int NOT NULL,
  `type` varchar(45) NOT NULL
) ENGINE=InnoDB DEFAULT CHARSET=utf8mb3;

--
-- Déchargement des données de la table `types`
--

INSERT INTO `types` (`id_type`, `type`) VALUES
(1, 'Grass'),
(2, 'Poison'),
(3, 'Fire'),
(4, 'Flying'),
(5, 'Bug'),
(6, 'Normal'),
(7, 'Ground'),
(8, 'Fairy'),
(9, 'Water'),
(10, 'Fighting'),
(11, 'Rock'),
(12, 'Psychic'),
(13, 'Electric'),
(14, 'Steel'),
(15, 'Ice'),
(16, 'Ghost'),
(17, 'Dragon'),
(18, 'Dark');

-- --------------------------------------------------------

--
-- Structure de la table `types_has_infos`
--

CREATE TABLE `types_has_infos` (
  `types_id_type` int NOT NULL,
  `infos_id_pokemon` int NOT NULL
) ENGINE=InnoDB DEFAULT CHARSET=utf8mb3;

--
-- Déchargement des données de la table `types_has_infos`
--

INSERT INTO `types_has_infos` (`types_id_type`, `infos_id_pokemon`) VALUES
(1, 1),
(2, 1),
(1, 2),
(2, 2),
(1, 3),
(2, 3),
(3, 4),
(3, 5),
(3, 6),
(4, 6),
(9, 7),
(9, 8),
(9, 9),
(5, 10),
(5, 11),
(4, 12),
(5, 12),
(2, 13),
(5, 13),
(2, 14),
(5, 14),
(2, 15),
(5, 15),
(4, 16),
(6, 16),
(4, 17),
(6, 17),
(4, 18),
(6, 18),
(6, 19),
(6, 20),
(4, 21),
(6, 21),
(4, 22),
(6, 22),
(2, 23),
(2, 24),
(13, 25),
(13, 26),
(7, 27),
(7, 28),
(2, 29),
(2, 30),
(2, 31),
(7, 31),
(2, 32),
(2, 33),
(2, 34),
(7, 34),
(8, 35),
(8, 36),
(3, 37),
(3, 38),
(6, 39),
(8, 39),
(6, 40),
(8, 40),
(2, 41),
(4, 41),
(2, 42),
(4, 42),
(1, 43),
(2, 43),
(1, 44),
(2, 44),
(1, 45),
(2, 45),
(1, 46),
(5, 46),
(1, 47),
(5, 47),
(2, 48),
(5, 48),
(2, 49),
(5, 49),
(7, 50),
(7, 51),
(6, 52),
(6, 53),
(9, 54),
(9, 55),
(10, 56),
(10, 57),
(3, 58),
(3, 59),
(9, 60),
(9, 61),
(9, 62),
(10, 62),
(12, 63),
(12, 64),
(12, 65),
(10, 66),
(10, 67),
(10, 68),
(1, 69),
(2, 69),
(1, 70),
(2, 70),
(1, 71),
(2, 71),
(2, 72),
(9, 72),
(2, 73),
(9, 73),
(7, 74),
(11, 74),
(7, 75),
(11, 75),
(7, 76),
(11, 76),
(3, 77),
(3, 78),
(9, 79),
(12, 79),
(9, 80),
(12, 80),
(13, 81),
(14, 81),
(13, 82),
(14, 82),
(4, 83),
(6, 83),
(4, 84),
(6, 84),
(4, 85),
(6, 85),
(9, 86),
(9, 87),
(15, 87),
(2, 88),
(2, 89),
(9, 90),
(9, 91),
(15, 91),
(2, 92),
(16, 92),
(2, 93),
(16, 93),
(2, 94),
(16, 94),
(7, 95),
(11, 95),
(12, 96),
(12, 97),
(9, 98),
(9, 99),
(13, 100),
(13, 101),
(1, 102),
(12, 102),
(1, 103),
(12, 103),
(7, 104),
(7, 105),
(10, 106),
(10, 107),
(6, 108),
(2, 109),
(2, 110),
(7, 111),
(11, 111),
(7, 112),
(11, 112),
(6, 113),
(1, 114),
(6, 115),
(9, 116),
(9, 117),
(9, 118),
(9, 119),
(9, 120),
(9, 121),
(12, 121),
(8, 122),
(12, 122),
(4, 123),
(5, 123),
(12, 124),
(15, 124),
(13, 125),
(3, 126),
(5, 127),
(6, 128),
(9, 129),
(4, 130),
(9, 130),
(9, 131),
(15, 131),
(6, 132),
(6, 133),
(9, 134),
(13, 135),
(3, 136),
(6, 137),
(9, 138),
(11, 138),
(9, 139),
(11, 139),
(9, 140),
(11, 140),
(9, 141),
(11, 141),
(4, 142),
(11, 142),
(6, 143),
(4, 144),
(15, 144),
(4, 145),
(13, 145),
(3, 146),
(4, 146),
(17, 147),
(17, 148),
(4, 149),
(17, 149),
(12, 150),
(12, 151),
(1, 152),
(1, 153),
(1, 154),
(3, 155),
(3, 156),
(3, 157),
(9, 158),
(9, 159),
(9, 160),
(6, 161),
(6, 162),
(4, 163),
(6, 163),
(4, 164),
(6, 164),
(4, 165),
(5, 165),
(4, 166),
(5, 166),
(2, 167),
(5, 167),
(2, 168),
(5, 168),
(2, 169),
(4, 169),
(9, 170),
(13, 170),
(9, 171),
(13, 171),
(13, 172),
(8, 173),
(6, 174),
(8, 174),
(8, 175),
(4, 176),
(8, 176),
(4, 177),
(12, 177),
(4, 178),
(12, 178),
(13, 179),
(13, 180),
(13, 181),
(1, 182),
(8, 183),
(9, 183),
(8, 184),
(9, 184),
(11, 185),
(9, 186),
(1, 187),
(4, 187),
(1, 188),
(4, 188),
(1, 189),
(4, 189),
(6, 190),
(1, 191),
(1, 192),
(4, 193),
(5, 193),
(7, 194),
(9, 194),
(7, 195),
(9, 195),
(12, 196),
(18, 197),
(4, 198),
(18, 198),
(9, 199),
(12, 199),
(16, 200),
(12, 201),
(12, 202),
(6, 203),
(12, 203),
(5, 204),
(5, 205),
(14, 205),
(6, 206),
(4, 207),
(7, 207),
(7, 208),
(14, 208),
(8, 209),
(8, 210),
(2, 211),
(9, 211),
(5, 212),
(14, 212),
(5, 213),
(11, 213),
(5, 214),
(10, 214),
(15, 215),
(18, 215),
(6, 216),
(6, 217),
(3, 218),
(3, 219),
(11, 219),
(7, 220),
(15, 220),
(7, 221),
(15, 221),
(9, 222),
(11, 222),
(9, 223),
(9, 224),
(4, 225),
(15, 225),
(4, 226),
(9, 226),
(4, 227),
(14, 227),
(3, 228),
(18, 228),
(3, 229),
(18, 229),
(9, 230),
(17, 230),
(7, 231),
(7, 232),
(6, 233),
(6, 234),
(6, 235),
(10, 236),
(10, 237),
(12, 238),
(15, 238),
(13, 239),
(3, 240),
(6, 241),
(6, 242),
(13, 243),
(3, 244),
(9, 245),
(7, 246),
(11, 246),
(7, 247),
(11, 247),
(11, 248),
(18, 248),
(4, 249),
(12, 249),
(3, 250),
(4, 250),
(1, 251),
(12, 251),
(1, 252),
(1, 253),
(1, 254),
(3, 255),
(3, 256),
(10, 256),
(3, 257),
(10, 257),
(9, 258),
(7, 259),
(9, 259),
(7, 260),
(9, 260),
(18, 261),
(18, 262),
(6, 263),
(6, 264),
(5, 265),
(5, 266),
(4, 267),
(5, 267),
(5, 268),
(2, 269),
(5, 269),
(1, 270),
(9, 270),
(1, 271),
(9, 271),
(1, 272),
(9, 272),
(1, 273),
(1, 274),
(18, 274),
(1, 275),
(18, 275),
(4, 276),
(6, 276),
(4, 277),
(6, 277),
(4, 278),
(9, 278),
(4, 279),
(9, 279),
(8, 280),
(12, 280),
(8, 281),
(12, 281),
(8, 282),
(12, 282),
(5, 283),
(9, 283),
(4, 284),
(5, 284),
(1, 285),
(1, 286),
(10, 286),
(6, 287),
(6, 288),
(6, 289),
(5, 290),
(7, 290),
(4, 291),
(5, 291),
(5, 292),
(16, 292),
(6, 293),
(6, 294),
(6, 295),
(10, 296),
(10, 297),
(6, 298),
(8, 298),
(11, 299),
(6, 300),
(6, 301),
(16, 302),
(18, 302),
(8, 303),
(14, 303),
(11, 304),
(14, 304),
(11, 305),
(14, 305),
(11, 306),
(14, 306),
(10, 307),
(12, 307),
(10, 308),
(12, 308),
(13, 309),
(13, 310),
(13, 311),
(13, 312),
(5, 313),
(5, 314),
(1, 315),
(2, 315),
(2, 316),
(2, 317),
(9, 318),
(18, 318),
(9, 319),
(18, 319),
(9, 320),
(9, 321),
(3, 322),
(7, 322),
(3, 323),
(7, 323),
(3, 324),
(12, 325),
(12, 326),
(6, 327),
(7, 328),
(7, 329),
(17, 329),
(7, 330),
(17, 330),
(1, 331),
(1, 332),
(18, 332),
(4, 333),
(6, 333),
(4, 334),
(17, 334),
(6, 335),
(2, 336),
(11, 337),
(12, 337),
(11, 338),
(12, 338),
(7, 339),
(9, 339),
(7, 340),
(9, 340),
(9, 341),
(9, 342),
(18, 342),
(7, 343),
(12, 343),
(7, 344),
(12, 344),
(1, 345),
(11, 345),
(1, 346),
(11, 346),
(5, 347),
(11, 347),
(5, 348),
(11, 348),
(9, 349),
(9, 350),
(6, 351),
(6, 352),
(16, 353),
(16, 354),
(16, 355),
(16, 356),
(1, 357),
(4, 357),
(12, 358),
(18, 359),
(12, 360),
(15, 361),
(15, 362),
(9, 363),
(15, 363),
(9, 364),
(15, 364),
(9, 365),
(15, 365),
(9, 366),
(9, 367),
(9, 368),
(9, 369),
(11, 369),
(9, 370),
(17, 371),
(17, 372),
(4, 373),
(17, 373),
(12, 374),
(14, 374),
(12, 375),
(14, 375),
(12, 376),
(14, 376),
(11, 377),
(15, 378),
(14, 379),
(12, 380),
(17, 380),
(12, 381),
(17, 381),
(9, 382),
(7, 383),
(4, 384),
(17, 384),
(12, 385),
(14, 385),
(12, 386),
(1, 387),
(1, 388),
(1, 389),
(7, 389),
(3, 390),
(3, 391),
(10, 391),
(3, 392),
(10, 392),
(9, 393),
(9, 394),
(9, 395),
(14, 395),
(4, 396),
(6, 396),
(4, 397),
(6, 397),
(4, 398),
(6, 398),
(6, 399),
(6, 400),
(9, 400),
(5, 401),
(5, 402),
(13, 403),
(13, 404),
(13, 405),
(1, 406),
(2, 406),
(1, 407),
(2, 407),
(11, 408),
(11, 409),
(11, 410),
(14, 410),
(11, 411),
(14, 411),
(5, 412),
(1, 413),
(5, 413),
(4, 414),
(5, 414),
(4, 415),
(5, 415),
(4, 416),
(5, 416),
(13, 417),
(9, 418),
(9, 419),
(1, 420),
(1, 421),
(9, 422),
(7, 423),
(9, 423),
(6, 424),
(4, 425),
(16, 425),
(4, 426),
(16, 426),
(6, 427),
(6, 428),
(16, 429),
(4, 430),
(18, 430),
(6, 431),
(6, 432),
(12, 433),
(2, 434),
(18, 434),
(2, 435),
(18, 435),
(12, 436),
(14, 436),
(12, 437),
(14, 437),
(11, 438),
(8, 439),
(12, 439),
(6, 440),
(4, 441),
(6, 441),
(16, 442),
(18, 442),
(7, 443),
(17, 443),
(7, 444),
(17, 444),
(7, 445),
(17, 445),
(6, 446),
(10, 447),
(10, 448),
(14, 448),
(7, 449),
(7, 450),
(2, 451),
(5, 451),
(2, 452),
(18, 452),
(2, 453),
(10, 453),
(2, 454),
(10, 454),
(1, 455),
(9, 456),
(9, 457),
(4, 458),
(9, 458),
(1, 459),
(15, 459),
(1, 460),
(15, 460),
(15, 461),
(18, 461),
(13, 462),
(14, 462),
(6, 463),
(7, 464),
(11, 464),
(1, 465),
(13, 466),
(3, 467),
(4, 468),
(8, 468),
(4, 469),
(5, 469),
(1, 470),
(15, 471),
(4, 472),
(7, 472),
(7, 473),
(15, 473),
(6, 474),
(10, 475),
(12, 475),
(11, 476),
(14, 476),
(16, 477),
(15, 478),
(16, 478),
(13, 479),
(16, 479),
(12, 480),
(12, 481),
(12, 482),
(14, 483),
(17, 483),
(9, 484),
(17, 484),
(3, 485),
(14, 485),
(6, 486),
(16, 487),
(17, 487),
(12, 488),
(9, 489),
(9, 490),
(18, 491),
(1, 492),
(6, 493),
(3, 494),
(12, 494),
(1, 495),
(1, 496),
(1, 497),
(3, 498),
(3, 499),
(10, 499),
(3, 500),
(10, 500),
(9, 501),
(9, 502),
(9, 503),
(6, 504),
(6, 505),
(6, 506),
(6, 507),
(6, 508),
(18, 509),
(18, 510),
(1, 511),
(1, 512),
(3, 513),
(3, 514),
(9, 515),
(9, 516),
(12, 517),
(12, 518),
(4, 519),
(6, 519),
(4, 520),
(6, 520),
(4, 521),
(6, 521),
(13, 522),
(13, 523),
(11, 524),
(11, 525),
(11, 526),
(4, 527),
(12, 527),
(4, 528),
(12, 528),
(7, 529),
(7, 530),
(14, 530),
(6, 531),
(10, 532),
(10, 533),
(10, 534),
(9, 535),
(7, 536),
(9, 536),
(7, 537),
(9, 537),
(10, 538),
(10, 539),
(1, 540),
(5, 540),
(1, 541),
(5, 541),
(1, 542),
(5, 542),
(2, 543),
(5, 543),
(2, 544),
(5, 544),
(2, 545),
(5, 545),
(1, 546),
(8, 546),
(1, 547),
(8, 547),
(1, 548),
(1, 549),
(9, 550),
(7, 551),
(18, 551),
(7, 552),
(18, 552),
(7, 553),
(18, 553),
(3, 554),
(3, 555),
(1, 556),
(5, 557),
(11, 557),
(5, 558),
(11, 558),
(10, 559),
(18, 559),
(10, 560),
(18, 560),
(4, 561),
(12, 561),
(16, 562),
(16, 563),
(9, 564),
(11, 564),
(9, 565),
(11, 565),
(4, 566),
(11, 566),
(4, 567),
(11, 567),
(2, 568),
(2, 569),
(18, 570),
(18, 571),
(6, 572),
(6, 573),
(12, 574),
(12, 575),
(12, 576),
(12, 577),
(12, 578),
(12, 579),
(4, 580),
(9, 580),
(4, 581),
(9, 581),
(15, 582),
(15, 583),
(15, 584),
(1, 585),
(6, 585),
(1, 586),
(6, 586),
(4, 587),
(13, 587),
(5, 588),
(5, 589),
(14, 589),
(1, 590),
(2, 590),
(1, 591),
(2, 591),
(9, 592),
(16, 592),
(9, 593),
(16, 593),
(9, 594),
(5, 595),
(13, 595),
(5, 596),
(13, 596),
(1, 597),
(14, 597),
(1, 598),
(14, 598),
(14, 599),
(14, 600),
(14, 601),
(13, 602),
(13, 603),
(13, 604),
(12, 605),
(12, 606),
(3, 607),
(16, 607),
(3, 608),
(16, 608),
(3, 609),
(16, 609),
(17, 610),
(17, 611),
(17, 612),
(15, 613),
(15, 614),
(15, 615),
(5, 616),
(5, 617),
(7, 618),
(13, 618),
(10, 619),
(10, 620),
(17, 621),
(7, 622),
(16, 622),
(7, 623),
(16, 623),
(14, 624),
(18, 624),
(14, 625),
(18, 625),
(6, 626),
(4, 627),
(6, 627),
(4, 628),
(6, 628),
(4, 629),
(18, 629),
(4, 630),
(18, 630),
(3, 631),
(5, 632),
(14, 632),
(17, 633),
(18, 633),
(17, 634),
(18, 634),
(17, 635),
(18, 635),
(3, 636),
(5, 636),
(3, 637),
(5, 637),
(10, 638),
(14, 638),
(10, 639),
(11, 639),
(1, 640),
(10, 640),
(4, 641),
(4, 642),
(13, 642),
(3, 643),
(17, 643),
(13, 644),
(17, 644),
(4, 645),
(7, 645),
(15, 646),
(17, 646),
(9, 647),
(10, 647),
(6, 648),
(12, 648),
(5, 649),
(14, 649),
(1, 650),
(1, 651),
(1, 652),
(10, 652),
(3, 653),
(3, 654),
(3, 655),
(12, 655),
(9, 656),
(9, 657),
(9, 658),
(18, 658),
(6, 659),
(6, 660),
(7, 660),
(4, 661),
(6, 661),
(3, 662),
(4, 662),
(3, 663),
(4, 663),
(5, 664),
(5, 665),
(4, 666),
(5, 666),
(3, 667),
(6, 667),
(3, 668),
(6, 668),
(8, 669),
(8, 670),
(8, 671),
(1, 672),
(1, 673),
(10, 674),
(10, 675),
(18, 675),
(6, 676),
(12, 677),
(12, 678),
(14, 679),
(16, 679),
(14, 680),
(16, 680),
(14, 681),
(16, 681),
(8, 682),
(8, 683),
(8, 684),
(8, 685),
(12, 686),
(18, 686),
(12, 687),
(18, 687),
(9, 688),
(11, 688),
(9, 689),
(11, 689),
(2, 690),
(9, 690),
(2, 691),
(17, 691),
(9, 692),
(9, 693),
(6, 694),
(13, 694),
(6, 695),
(13, 695),
(11, 696),
(17, 696),
(11, 697),
(17, 697),
(11, 698),
(15, 698),
(11, 699),
(15, 699),
(8, 700),
(4, 701),
(10, 701),
(8, 702),
(13, 702),
(8, 703),
(11, 703),
(17, 704),
(17, 705),
(17, 706),
(8, 707),
(14, 707),
(1, 708),
(16, 708),
(1, 709),
(16, 709),
(1, 710),
(16, 710),
(1, 711),
(16, 711),
(15, 712),
(15, 713),
(4, 714),
(17, 714),
(4, 715),
(17, 715),
(8, 716),
(4, 717),
(18, 717),
(7, 718),
(17, 718),
(8, 719),
(11, 719),
(12, 720),
(16, 720),
(3, 721),
(9, 721),
(1, 722),
(4, 722),
(1, 723),
(4, 723),
(1, 724),
(16, 724),
(3, 725),
(3, 726),
(3, 727),
(18, 727),
(9, 728),
(9, 729),
(8, 730),
(9, 730),
(4, 731),
(6, 731),
(4, 732),
(6, 732),
(4, 733),
(6, 733),
(6, 734),
(6, 735),
(5, 736),
(5, 737),
(13, 737),
(5, 738),
(13, 738),
(10, 739),
(10, 740),
(15, 740),
(3, 741),
(4, 741),
(5, 742),
(8, 742),
(5, 743),
(8, 743),
(11, 744),
(11, 745),
(9, 746),
(2, 747),
(9, 747),
(2, 748),
(9, 748),
(7, 749),
(7, 750),
(5, 751),
(9, 751),
(5, 752),
(9, 752),
(1, 753),
(1, 754),
(1, 755),
(8, 755),
(1, 756),
(8, 756),
(2, 757),
(3, 757),
(2, 758),
(3, 758),
(6, 759),
(10, 759),
(6, 760),
(10, 760),
(1, 761),
(1, 762),
(1, 763),
(8, 764),
(6, 765),
(12, 765),
(10, 766),
(5, 767),
(9, 767),
(5, 768),
(9, 768),
(7, 769),
(16, 769),
(7, 770),
(16, 770),
(9, 771),
(6, 772),
(6, 773),
(4, 774),
(11, 774),
(6, 775),
(3, 776),
(17, 776),
(13, 777),
(14, 777),
(8, 778),
(16, 778),
(9, 779),
(12, 779),
(6, 780),
(17, 780),
(1, 781),
(16, 781),
(17, 782),
(10, 783),
(17, 783),
(10, 784),
(17, 784),
(8, 785),
(13, 785),
(8, 786),
(12, 786),
(1, 787),
(8, 787),
(8, 788),
(9, 788),
(12, 789),
(12, 790),
(12, 791),
(14, 791),
(12, 792),
(16, 792),
(2, 793),
(11, 793),
(5, 794),
(10, 794),
(5, 795),
(10, 795),
(13, 796),
(4, 797),
(14, 797),
(1, 798),
(14, 798),
(17, 799),
(18, 799),
(12, 800),
(8, 801),
(14, 801),
(10, 802),
(16, 802),
(2, 803),
(2, 804),
(17, 804),
(11, 805),
(14, 805),
(3, 806),
(16, 806),
(13, 807),
(14, 808),
(14, 809),
(1, 810),
(1, 811),
(1, 812),
(3, 813),
(3, 814),
(3, 815),
(9, 816),
(9, 817),
(9, 818),
(6, 819),
(6, 820),
(4, 821),
(4, 822),
(4, 823),
(14, 823),
(5, 824),
(5, 825),
(12, 825),
(5, 826),
(12, 826),
(18, 827),
(18, 828),
(1, 829),
(1, 830),
(6, 831),
(6, 832),
(9, 833),
(9, 834),
(11, 834),
(13, 835),
(13, 836),
(11, 837),
(3, 838),
(11, 838),
(3, 839),
(11, 839),
(1, 840),
(17, 840),
(1, 841),
(17, 841),
(1, 842),
(17, 842),
(7, 843),
(7, 844),
(4, 845),
(9, 845),
(9, 846),
(9, 847),
(2, 848),
(13, 848),
(2, 849),
(13, 849),
(3, 850),
(5, 850),
(3, 851),
(5, 851),
(10, 852),
(10, 853),
(16, 854),
(16, 855),
(12, 856),
(12, 857),
(8, 858),
(12, 858),
(8, 859),
(18, 859),
(8, 860),
(18, 860),
(8, 861),
(18, 861),
(6, 862),
(18, 862),
(14, 863),
(16, 864),
(10, 865),
(12, 866),
(15, 866),
(7, 867),
(16, 867),
(8, 868),
(8, 869),
(10, 870),
(13, 871),
(5, 872),
(15, 872),
(5, 873),
(15, 873),
(11, 874),
(15, 875),
(6, 876),
(12, 876),
(13, 877),
(18, 877),
(14, 878),
(14, 879),
(13, 880),
(17, 880),
(13, 881),
(15, 881),
(9, 882),
(17, 882),
(9, 883),
(15, 883),
(14, 884),
(17, 884),
(16, 885),
(17, 885),
(16, 886),
(17, 886),
(16, 887),
(17, 887),
(8, 888),
(14, 888),
(10, 889),
(14, 889),
(2, 890),
(17, 890),
(10, 891),
(10, 892),
(18, 892),
(1, 893),
(18, 893),
(13, 894),
(17, 895),
(15, 896),
(16, 897),
(1, 898),
(12, 898);

-- --------------------------------------------------------

--
-- Structure de la vue `attack`
--
DROP TABLE IF EXISTS `attack`;

CREATE ALGORITHM=UNDEFINED DEFINER=`margauxcoppi`@`localhost` SQL SECURITY DEFINER VIEW `attack`  AS  select `infos`.`id_pokemon` AS `id_pokemon`,`stats`.`value` AS `attack` from (`infos` join `stats` on((`stats`.`id_stats` = `infos`.`attack`))) ;

-- --------------------------------------------------------

--
-- Structure de la vue `defense`
--
DROP TABLE IF EXISTS `defense`;

CREATE ALGORITHM=UNDEFINED DEFINER=`margauxcoppi`@`localhost` SQL SECURITY DEFINER VIEW `defense`  AS  select `infos`.`id_pokemon` AS `id_pokemon`,`stats`.`value` AS `defense` from (`infos` join `stats` on((`stats`.`id_stats` = `infos`.`defense`))) ;

-- --------------------------------------------------------

--
-- Structure de la vue `hp`
--
DROP TABLE IF EXISTS `hp`;

CREATE ALGORITHM=UNDEFINED DEFINER=`margauxcoppi`@`localhost` SQL SECURITY DEFINER VIEW `hp`  AS  select `infos`.`id_pokemon` AS `id_pokemon`,`stats`.`value` AS `hp` from (`infos` join `stats` on((`stats`.`id_stats` = `infos`.`hp`))) ;

-- --------------------------------------------------------

--
-- Structure de la vue `special_attack`
--
DROP TABLE IF EXISTS `special_attack`;

CREATE ALGORITHM=UNDEFINED DEFINER=`margauxcoppi`@`localhost` SQL SECURITY DEFINER VIEW `special_attack`  AS  select `infos`.`id_pokemon` AS `id_pokemon`,`stats`.`value` AS `special_attack` from (`infos` join `stats` on((`stats`.`id_stats` = `infos`.`special_attack`))) ;

-- --------------------------------------------------------

--
-- Structure de la vue `special_defense`
--
DROP TABLE IF EXISTS `special_defense`;

CREATE ALGORITHM=UNDEFINED DEFINER=`margauxcoppi`@`localhost` SQL SECURITY DEFINER VIEW `special_defense`  AS  select `infos`.`id_pokemon` AS `id_pokemon`,`stats`.`value` AS `special_defense` from (`infos` join `stats` on((`stats`.`id_stats` = `infos`.`special_defense`))) ;

-- --------------------------------------------------------

--
-- Structure de la vue `speed`
--
DROP TABLE IF EXISTS `speed`;

CREATE ALGORITHM=UNDEFINED DEFINER=`margauxcoppi`@`localhost` SQL SECURITY DEFINER VIEW `speed`  AS  select `infos`.`id_pokemon` AS `id_pokemon`,`stats`.`value` AS `speed` from (`infos` join `stats` on((`stats`.`id_stats` = `infos`.`speed`))) ;

-- --------------------------------------------------------

--
-- Structure de la vue `total`
--
DROP TABLE IF EXISTS `total`;

CREATE ALGORITHM=UNDEFINED DEFINER=`margauxcoppi`@`localhost` SQL SECURITY DEFINER VIEW `total`  AS  select `infos`.`id_pokemon` AS `id_pokemon`,`stats`.`value` AS `total` from (`infos` join `stats` on((`stats`.`id_stats` = `infos`.`total`))) ;

--
-- Index pour les tables déchargées
--

--
-- Index pour la table `generations`
--
ALTER TABLE `generations`
  ADD PRIMARY KEY (`id_generations`);

--
-- Index pour la table `infos`
--
ALTER TABLE `infos`
  ADD PRIMARY KEY (`id_pokemon`),
  ADD KEY `fk_infos_generations1_idx` (`generations_id_generations`);

--
-- Index pour la table `stats`
--
ALTER TABLE `stats`
  ADD PRIMARY KEY (`id_stats`);

--
-- Index pour la table `types`
--
ALTER TABLE `types`
  ADD PRIMARY KEY (`id_type`);

--
-- Index pour la table `types_has_infos`
--
ALTER TABLE `types_has_infos`
  ADD PRIMARY KEY (`types_id_type`,`infos_id_pokemon`),
  ADD KEY `fk_types_has_infos_infos1_idx` (`infos_id_pokemon`),
  ADD KEY `fk_types_has_infos_types1_idx` (`types_id_type`);

--
-- AUTO_INCREMENT pour les tables déchargées
--

--
-- AUTO_INCREMENT pour la table `generations`
--
ALTER TABLE `generations`
  MODIFY `id_generations` int NOT NULL AUTO_INCREMENT, AUTO_INCREMENT=9;

--
-- AUTO_INCREMENT pour la table `infos`
--
ALTER TABLE `infos`
  MODIFY `id_pokemon` int NOT NULL AUTO_INCREMENT, AUTO_INCREMENT=899;

--
-- AUTO_INCREMENT pour la table `stats`
--
ALTER TABLE `stats`
  MODIFY `id_stats` int NOT NULL AUTO_INCREMENT, AUTO_INCREMENT=339;

--
-- AUTO_INCREMENT pour la table `types`
--
ALTER TABLE `types`
  MODIFY `id_type` int NOT NULL AUTO_INCREMENT, AUTO_INCREMENT=19;

--
-- Contraintes pour les tables déchargées
--

--
-- Contraintes pour la table `infos`
--
ALTER TABLE `infos`
  ADD CONSTRAINT `fk_infos_generations1` FOREIGN KEY (`generations_id_generations`) REFERENCES `generations` (`id_generations`);

--
-- Contraintes pour la table `types_has_infos`
--
ALTER TABLE `types_has_infos`
  ADD CONSTRAINT `fk_types_has_infos_infos1` FOREIGN KEY (`infos_id_pokemon`) REFERENCES `infos` (`id_pokemon`),
  ADD CONSTRAINT `fk_types_has_infos_types1` FOREIGN KEY (`types_id_type`) REFERENCES `types` (`id_type`);
COMMIT;

/*!40101 SET CHARACTER_SET_CLIENT=@OLD_CHARACTER_SET_CLIENT */;
/*!40101 SET CHARACTER_SET_RESULTS=@OLD_CHARACTER_SET_RESULTS */;
/*!40101 SET COLLATION_CONNECTION=@OLD_COLLATION_CONNECTION */;
